PE_FIX_V1_apply.py|PE_FIX_V1_apply.py|132b4c1dfabc8a9ab94e9521a33a7acbb1a3e665a0c9350182f926f95b7f9e97
PE_FIX_V1_final.py|PE_FIX_V1_final.py|b58479c4c4ea5c907609946fdd8183bd81058f373adf8c5a7e41f372a5839ac8
PE_FIX_V1_followup.py|PE_FIX_V1_followup.py|c76e5a0974fdb33f46488f26b4ae5fa4de1052cc734426c96b1d77becc5649d6
PE_FIX_V1_followup2.py|PE_FIX_V1_followup2.py|05b2e91ebe57255aa02f9e07ba5b228d1a4d1045cceb1a2f011a2edc9bcdb282
PE_FIX_V1_followup3.py|PE_FIX_V1_followup3.py|bb3fa998fa45d3941d858758698f55628f64d828465ec9efbe1a3a0f740e3f2e
PE_FIX_V1_followup4.py|PE_FIX_V1_followup4.py|40605d6b0c26d1315f934c9211553dd6c84e3a20ca19045164ea7abf6a6cc7cf
PE_FIX_V1_followup5.py|PE_FIX_V1_followup5.py|7e912c0e6db18858752246a5e38e62dbd4b36d80bc43de0e3c6de1826f856dba
PE_FIX_V1_followup6.py|PE_FIX_V1_followup6.py|eb1986e109311db340c6d6ea8796b0010f05cf7af3974d4da0fd712440316ce8
PE_FIX_V1_followup7b.py|PE_FIX_V1_followup7b.py|75a59d673b060e6590af03c46162ee7ccc33f401f8128f1d539c6ed8feb352cd
PE_FIX_V1_recover.py|PE_FIX_V1_recover.py|9dd5588b24890509c4557d6ca1ca84ebd129493dcd83dfebe29e301c4636f55f
