wallet,trades,pnl_pct,avg_pnl,win_rate,trades_7d,volume
0x5ef14a5010815e63f75e4827be4da983e18e4669,100,1.48,42.1203,0.2,24,284602
0x482954976e8778433e9446309e37b52648bd7404,100,1.12,15.4924,0.21,76,138492
0x07fd993f0fa3a185f7207adccd29f7a87404689d,100,1.72,8.7343,0.27,100,50692
0x14052f2848cbcb7a6bfba394a79242d35beac3bf,100,5.74,33.8656,0.62,100,58958
0x5ca77826b954ecd94383f81daf62058a46ed9c3b,100,7.28,32.6691,0.32,37,44892
0x721fe4d9f1ac1941c37952651adb62c72a0c5ab6,100,1.01,5.2039,0.27,100,51545
0xca230e816bdb34a46960c2f978a30a563d1ae9e0,100,3.56,194.9582,1.0,100,547616
0xfad17af4900f3d3afa663103f58b41607ee45d70,100,29.67,0.2967,0.36,100,45486
0x7b7f72a28fe109fa703eeed7984f2a8a68fedee2,100,4947.86,49.4786,0.53,100,1659393
0x948286ad8526c135f81e30f7d018b3f75933355e,100,284.31,2.8431,0.45,100,118496
0x48ea62a2cc8391fbbe210e8ee89db573a8ec145f,100,62.31,0.6231,0.44,100,191303
0x2343a60ab9745a3d86593c387dc726edab8b08ed,100,3050.34,30.5034,0.18,27,188165
0x48b5c751c2d63ac9134ce31f8d3e08b6836f6ee0,100,193.89,1.9389,0.35,100,40449
0xd02928c445d780ea954fe0b6f0be0f6cb9727678,100,76.66,0.7666,0.53,100,37523
0xecb63caa47c7c4e77f60f1ce858cf28dc2b82b00,100,546.14,5.4614,0.36,100,266881
0x15094c3ec74e8a43c082042815e0c135deebb152,100,112.97,1.1297,0.34,100,48422
0x46b7a6882e3d83e625a54ce3ad665a2d584faa07,100,65.43,0.6543,0.21,1,43102
0xc1914d36f97dc5557e4df26cbdab98e9c988ef37,100,68.06,0.6806,0.46,100,251140
0x891140a93bef082312952b48479a853e90952fc2,100,14261.45,142.6145,0.99,100,65813
0xa4a6e0fd7528a6f5c6ccbb3240ba8a2f825446cf,100,20.38,0.2038,0.27,100,53656
0x4e5ac8bc43cec91f4255e326cbb166b0b1eb4e0a,100,710.78,7.1078,0.67,3,51240
0x2025137a136bea7446deba681cbfc7cf1970840e,100,1445.61,14.4561,0.32,100,641624
0xbfa317b7468a97e4e6a7a3c138b86ca0b7395477,100,15.22,0.1522,0.34,100,52852
0x825806d5a49df65d60b16904b8e524fd0429cdb7,100,30.03,0.3003,0.26,100,25344
0x71aed99f4a7b55a8e1b0f28399e129e3fc3cb2bd,100,48.29,0.4829,0.28,33,30767
0x87f3838742e5ff8958d7ce92aff4ecf07a1edcc8,100,297.72,2.9772,0.86,100,161796
0xa61c583d8c2e8173feb19e9f3075c280fa8dae3f,100,46.7,0.467,0.56,100,32286
0x90595d8b84e15be3e59f9858d1832aa06398d514,37,106.93,2.8901,0.16,7,50247
0x6ba889db7f923622d3548f621ecc2054b80c1817,100,17.25,0.1725,0.25,100,73775
0xd071d6d6ea52f5aa34b79e47f908ee48c8215837,100,30.71,0.3071,0.22,100,353079
0x223537ac9a856c31f4043e86ced86bb29f06653e,100,3.98,0.0398,0.43,100,28318
0x9266865bb6afb4c4f618544dd3b8c970f17aa664,100,121.74,1.2174,0.73,100,59045
0x7329f2d7ca5f078bf50805284213970759dc7a91,100,133.46,1.3346,0.32,100,82429
0xf9109ada2f73c62e9889b45453065f0d99260a2d,100,129.64,1.2964,0.32,100,633637
0x45f250be7471aa9eb8c5f7580022aa4b97f6576d,100,4.93,0.0493,0.2,100,24277
0x46480bb00496950aaa036f61d265abdadbcac40a,100,181.21,1.8121,0.27,100,51420
0x6ecbb68c07bd4be7adb7f0365e9263e382aeca2d,100,154.12,1.5412,0.47,100,40222
0x727956612a8700627451204a3ae26268bd1a1525,100,13.02,0.1302,0.51,100,21314
0x7717a7a245d9f950e586822b8c9b46863ed7bd7e,100,8.79,0.0879,0.28,100,20021
0x57dd78cd36e76e2011e8f6dc25cabbaba994494b,100,92.44,0.9244,0.18,100,123977
0xb654e7b71deb92480a070435b06748133e2f23e3,100,603.52,6.0352,0.27,100,123600
0x9d732bed515e8f66ad2b60cda96a4ef3c31e729f,100,14.72,0.1472,0.53,100,29109
0x9d003d4ea17b01542128f8aa4df8dbfb9afa764d,100,730.33,7.3033,0.61,100,198286
0xac7476e14f768e3e67c195e79c2490dd20c70127,100,309.35,3.0935,0.33,100,130988
0x9a8b924754308f876f865f409845bb2654c20f53,100,996.96,9.9696,0.16,27,105492
0xfc8c156428a8e48cb8d0356db16e59bec4c0ecea,100,604.62,6.0462,0.92,100,108552
0x084aab129a98940c5b4473cb3c4c1b5ffff076ea,100,214.0,2.14,0.27,100,160961
0xf5d81a135f756ca16544e53c20fc20643ec3ad53,100,24.81,0.2481,0.27,100,130068
0x279dbeaae93533a5c4607712b027b04aff62d625,100,111.43,1.1143,0.27,100,21326
0x104491f85b180cddf3c64171431289719d1a1093,100,116.4,1.164,0.17,100,337240
0x1442ad477ded1b0028b57621aa7b6f7eadb8f568,100,50.79,0.5079,0.26,100,38633
0x545d57c7fe4866d435b021a94382577f2959e961,100,233.86,2.3386,0.48,100,90539
0x43675dfe9ff8351038e0ccc88e31b0ac94b883fe,100,75.05,0.7505,0.54,100,43932
0x2392d6e9cab81a18adf20ffb6c0db4cb40988d6c,100,293.27,2.9327,0.46,100,26726
0x6d8599711c27456713828e5c7eb4e66846fdce11,100,387.32,3.8732,0.25,100,90821
0x49dfb8ddbd3ba96c0699a3f120e71f2516c345d8,100,763.35,7.6335,0.19,100,205815
0x81871b8738cb6c82611f3fc5e09896945cc95539,100,2421.07,24.2107,0.75,100,78792
0x042c7da0c7d135a20fb9d0e3f56df970c66c2788,100,71.81,0.7181,0.16,100,34992
0x1c324b32b8a83c12199441ca909743ae2f3c9af4,100,100.57,1.0057,0.49,100,35786
0xaed427cb57f6ec783bc7db9c54a63ad4c2290286,100,20.52,0.2052,0.2,100,75406
0x552ecc265e7d3238b4d6d5d4fc5e3f843721e9c5,100,245.83,2.4583,0.16,100,181638
0x62879659e71ff7d00f964afd52d754193d193a5b,100,431.63,4.3163,0.21,100,160750
0xfc667adba8d4837586078f4fdcdc29804337ca06,100,2414.52,24.1452,0.52,100,683926
0x1c0da11a725ada66884da222f6d278907f7c413c,100,338.03,3.3803,0.25,100,30933
0x621c5551678189b9a6c94d929924c225ff1d63ab,100,17102.55,171.0255,0.36,100,7149481
0x25c256f6437de6e9ba2c0ded33b87d99bd9de8db,100,3515.5,35.155,0.48,100,200402
0xd595710aedaba1d2e18bfdbab46ab796664c6d89,100,4765.38,47.6538,0.76,100,246297
0x7ff1906a7fd36ab431123bbac2d0ecef03b8e294,100,384.45,3.8445,0.47,50,150663
0x9d1eb5f9121e78faa5455d1b51cbf1a0c6e8340c,100,173.33,1.7333,0.31,100,936006
0x4fe8867efeef1786844966200075ab8c1e3785cf,100,932.79,9.3279,0.33,100,205848
0x18fe399ba1c28d3b92380ea89c59dde1e45091f3,100,574.23,5.7423,0.27,100,377092
0x74a9c2fd6051ad7af2a25d3c5b94973f86ba49a4,100,302.31,3.0231,0.17,100,70180
0x7086921c2699fb3ea4829734639325610763674b,100,370.76,3.7076,0.29,100,370004
0x7cd5610833dfbae5e0cadc4f1cfff052940a2c90,100,506.7,5.067,0.46,100,288577
0xab350451b1e2538ccb7b9c6617f44d9ebc5ce3c3,30,389.57,12.9858,0.2,30,38084
0xaca2d79168f9e9072c089e5f7d6eb0daefc13915,100,169.48,1.6948,0.43,100,116827
0x020ca66c30bec2c4fe3861a94e4db4a498a35872,100,3541.0,35.41,0.22,100,800310
0x12c206d3e2f0d0059420c54d33fe604ebbecc230,100,527.8,5.278,0.38,100,51891
0x80a3ff3d66571b56f497e68ee98aa64461fda2b9,100,291.74,2.9174,0.35,57,84228
0x6716954270007e43ec29635acd41c6377a34cca7,100,1213.92,12.1392,0.34,100,103641
0xe02e420ec55b4e03924d77c7b342c012541ba2d3,100,1842.53,18.4253,0.62,100,88327
0xf64350895731943463403a73f8f5cff2a9bf9d5e,100,22.33,0.2233,0.3,100,706690
0x67cd5c1c4548c7ec1a20fadefca19ad42e6230da,100,9.35,0.0935,0.21,100,403735
0x3bf52401e71019d35f3ecd7732541c1a4e6291a7,100,157.41,1.5741,0.3,78,78893
0x1f58f6ec9c14191045778b494523dcd8f974d175,100,46.16,0.4616,0.23,100,94041
0xaeb5ae46eca70345985b0b2d19322a2333b2dd9e,100,68.17,0.6817,0.2,100,52763
0xd87617659957f4d9cea85e9db85b2f1de677646a,100,7359.96,73.5996,0.95,100,183745
0xce2d769b056174c2f189e5235e9bfba94c90fe20,100,326.36,3.2636,0.22,81,277701
0x7f0c4c3c75538eca19623e8cb4db9388566b1533,100,8.62,0.0862,0.27,32,39475
0xc18c09572a71d080f356c5cad32f7479c1ae9339,100,70.79,0.7079,0.21,100,328681
0x8feb3a7d8bf1e424679fc75753b363eba5ee8185,100,235.29,2.3529,0.24,100,118485
0xbeccae9ffcb69e9d42a1d4e744abf8056149562d,100,173.41,1.7341,0.42,100,128872
0x7c930969fcf3e5a5c78bcf2e1cefda3f53e3c8fd,100,4269.08,42.6908,1.0,100,885870
0x7dd6f02fef939cea86f0243358255f6b57a6cf0d,100,189.81,1.8981,0.56,100,596825
0xf78470bb2d7272a5759eae081fc50dc8444975ce,100,340.88,3.4088,0.29,100,48998
0xd8dc4a8a456aeb6a3feee7407c89ff9d8d96dc02,100,952.13,9.5213,0.16,17,1112597
0xf8a761b6b3e9392cc39e649e1c2fe644532d1daa,100,82.77,0.8277,0.23,75,50124
0x67013dd101d6c1afdfc0e26ff7f86903e74229f8,100,92.44,0.9244,0.3,100,26595
0x5461808abcf71724dc1114b9ded5f89d53cc0568,100,800.56,8.0056,0.32,100,89916
0xee83afee1163e049573a3d0c3951842a53a07fe8,100,2650.72,26.5072,0.18,100,397173
0x39de60746fcfdc9f8462f12fedcb5999dafa9242,100,1.59,0.0159,0.25,100,21182
0x9f1920d0cbb63ed03376a1e09fd2851d601234c8,100,847.08,8.4708,0.73,100,212938
0x3262eb301887933f28f45ecf2e3d8375e46a2f37,100,913.84,9.1384,0.95,100,32245
0xb5f3cd71d689f964ed36ec287834093952c5da9f,100,192.09,1.9209,0.25,18,699109
0x906ef55b1b4b4f12a2b0b6d67a6c66c778b2d0b7,100,141.42,1.4142,0.32,100,217350
0xc44cc6f8d3628c5ce6116745a0b177920ca01a81,100,139.21,1.3921,0.36,29,22857
0xaf2ac71f62f341e5823d6985492409e92c940447,100,731.81,7.3181,0.39,100,829254
0x723fe6e68bced0a7029d336ba84d5e08080fd5d9,100,1761.48,17.6148,0.41,100,440073
0x19951dbda49ea27130a2bdcfa8b4eb788ebdcf5f,100,504.49,5.0449,0.32,100,249529
0x25c37ee49716d9264b58e7a16eac28e9bd097442,100,714.64,7.1464,0.32,39,80199
0x9f3e77cb89df964003053aa5b438e5697c77f4f9,100,96.76,0.9676,0.25,100,64922
0x60f18213040f38645156fb99a5c23f81c7f295e1,100,1450.16,14.5016,0.33,100,115359
0x0d07f49c74cef05fa159e7263abdd7e5c28f4b57,100,39.9,0.399,0.19,100,84938
0x4ec7440fab01c33a2b81d3f5a708688e6de0bd50,100,55.38,0.5538,0.35,20,32072
0xcf4f574bc9c761ed2cd8c65c06081ab79f4053c3,100,8610.85,86.1085,0.99,100,225127
0xd64fb32fadfac7101505904c005c79d835ef559e,100,9.34,0.0934,0.17,100,61140
0xb1ccdb4c28fe323ccf0ac7c801f5add732c0a7f8,100,2216.26,22.1626,0.46,100,79061
0x1be5a1135a64783e0494180c0a229b02f3f57973,100,3394.84,33.9484,0.48,100,1599064
0x7053e4a132c0331b7126d19949f649e7ea8347d1,100,166.11,1.6611,0.25,100,121851
0xc3ad78caa7984ecabb06c6bd4934c3d8e9efd593,100,910.6,9.106,0.34,100,158445
0xbca5d375c4b17a4111925957ac9f75703603206d,100,147.39,1.4739,0.42,100,80615
0x0b67857d828ee0bff6c9430edfe2aec9e764a740,100,1629.35,16.2935,0.36,100,277795
0xe67e663c35a07f7a52eb8b32566ca15c7c163e68,100,2.25,0.0225,0.42,40,29976
0xcb28ff6b4baad4c5a40756341daaf3b5607647aa,100,149.01,1.4901,0.23,100,221747
0x3d700b4f6e5f2827596deeb5ff43cf8508575d14,100,2.8,0.028,0.26,44,33814
0x11d79111d9529d76bf25474ba87d6365f18d35b5,100,418.94,4.1894,0.26,60,133213
0x17d17447105dc1cac612951d2839d27e0de674fa,89,66.24,0.7443,0.3,63,47817
0x474993b02dc6c345b87d4b41451a36e857edafbc,100,102.7,1.027,0.23,100,46127
0x65525310a666799b2c281078155f82905406df54,100,53.83,0.5383,0.16,9,27467
0xe626e476e94b6dfb6567755a995a5c8520711270,100,40.3,0.403,0.27,100,40812
0xe29d84a6f37858d7f8017be454ee35726511e525,100,5.55,0.0555,0.19,100,635611
0x79d595596d9f9a69328d8fbbc15fb40d2049a3c7,100,13.32,0.1332,0.24,100,30147
0x760c8372c718cf34240e70af8b6ac26be69b91b8,100,7.08,0.0708,0.2,36,56190
0x8da15f7e6bf20eae393d0210d0f69ea98fc8ea5e,100,13.34,0.1334,0.2,100,450558
0x48af63df7e2610f5d53fbcadea86f38e26232e9b,100,286.54,2.8654,0.46,100,259788
0x388d9e1ccaec74527f73f8c87b5928ba28c06c03,100,18.21,0.1821,0.36,100,111579
0x31dea2516beee92135b96f464eeec3cf292a13f2,100,28.12,0.2812,0.42,100,120684
0xc35bf47aca839e371eb70fc5d16a5b747ad4d8dd,100,11623.36,116.2336,0.3,100,753751
0x6c48fc6a1fb77121c7ccc818fa333f9c435f66ad,100,29.89,0.2989,0.39,100,116893
0x034d4f0b00827e4ac77d910071377f707ddd23d3,100,226.93,2.2693,0.37,100,80408
0x53b63a30a688beb53b5dc7bd731c661d678c555c,100,5006.23,50.0623,0.45,100,327993
0x2588253cc1daac3e7d823b9190ec87e75c67f2c4,100,56.22,0.5622,0.25,100,222302
0x0f638286287ebd2acca95981f90aaa7de863a390,100,451.24,4.5124,0.32,99,162241
0x1f56b787d666b01b353bca3c5d373b2c30da8c4c,78,44.22,0.5669,0.38,30,49551
0xb95fbd2d2d1c72451200fa4819c3b2e53de112bf,100,4420.03,44.2003,0.3,100,1077701
0x22c659b95b4b5d5a59cd60159650977a79a70658,100,11.61,0.1161,0.2,92,74719
0xaa5e5f73bed3c478cc550c48c38deb3bcb70821e,100,183.91,1.8391,0.44,100,35800
0xd13e59f40b2d7622656bbe29d625024b4572d90f,100,43.19,0.4319,0.3,100,50246
0x493364de7f4a39ed24f9c68ece229973f324d369,100,147.16,1.4716,0.71,100,68203
0xffecf0de53df5876245ffda139ba6a0e130a87f1,100,81.91,0.8191,0.23,100,455803
0x17a4ddfdc15dc6e458b365a5357822472b3902ce,97,211.25,2.1778,0.25,8,49218
0x8d56d30d58d1a2709befccea6642252bab6ed51e,100,147.61,1.4761,0.47,100,31954
0x9b047995035377e48955e18b10939916a54c1dda,80,514.82,6.4352,0.54,80,94368
0x4b53ec7251039454d057757b6fde7e39e48b49a1,100,6.51,0.0651,0.18,100,63891
0x7385f8b5ab1303c8e476d371973db768f1a43bb4,100,410.41,4.1041,0.27,16,47180
0xd3746a312ea0f8c41c0ae8ecb484c1216da4f0bc,100,811.27,8.1127,0.57,100,274915
0x6289d7df83841d5856c9e0dc1755711ae93d85d0,100,58.7,0.587,0.3,100,26886
0xe34d21d1980082c6dd1c2d7be6315187dfe4a718,100,99.95,0.9995,0.51,100,59298
0x83f3fb705ae68bf0621f4de6f146ffd61ef501a6,100,35.67,0.3567,0.32,100,22562
0xd1556e34b2a52dc185bcc69f78dc6791058bee26,100,526.64,5.2664,0.29,100,385731
0x644492787dd077f59c42b7459c8bb5dcea6ee1f6,100,15.91,0.1591,0.4,100,92926
0x51260f79366536dc27006f421a3fe5de33750194,100,155.67,1.5567,0.21,100,182536
0x7a4956e5abe1d4c431a127b8db5a40a80557d3a1,100,228.28,2.2828,0.58,100,161876
0xed9eef1e383eae68f69c9a0344e6f890e7147a2d,100,582.58,5.8258,0.19,57,79093
0x7781f5c55c0fa763ef8f7c801650133db1e30211,100,7.94,0.0794,0.34,100,35578
0xb6bfa5b79c1f06d5cf21d21e00f25d8da9fcfdb1,100,13.59,0.1359,0.35,100,279445
0x2e95ce53fb058e6b1d22e643c5f0d8758e3c157f,100,74.65,0.7465,0.27,100,110747
0x49cba59fce90bfdb2ac76f84b6d5144a84bcb3a8,100,2222.37,22.2237,0.66,100,624631
0x44871d62caaeb8b91777be8aae0e23ee68b4c92d,100,3073.13,30.7313,0.41,100,1408195
0xe381b5689f2eef2a11e34dbcaf43e93b9c759fba,100,42.72,0.4272,0.35,48,20454
0xa70ac79d24b8ea7dc8899d6c2df26488130b4be9,100,83.51,0.8351,0.36,100,278279
0x2d46792b530edc6951935dd7c8c79141dbcf1d43,100,4283.67,42.8367,0.34,100,2668400
0xb16d4aaab2b7a866361ee84907657c5be194b471,100,6438.93,64.3893,0.54,100,1207716
0x736aa918b9099a4f46d3499e3e62c67c158d1561,100,314.34,3.1434,0.76,100,46616
0xf21cd17b9db49fdb21bfdf714558cf8bde3221bd,100,247.95,2.4795,0.42,100,101800
0xaeadec409b7b31b32063dcc280e8efbb86441eb1,100,33.07,0.3307,0.48,100,21004
0x417232aee7519a238103dbde010c0112f3d82be0,100,1261.53,12.6153,0.27,1,252209
0x08882974dfe67ccd73747ad811bb1ab9de9a0162,100,1273.78,12.7378,0.49,100,1557102
0x28a950881cabca89900e59d354189b4860ca1b0e,100,24.89,0.2489,0.38,100,33675
0x7a5a42bd6b1fd13368732be8a7b63e06064e0394,100,2337.13,23.3713,0.47,100,450302
0xfcf104006bfff47695c1dc21dad3e9de1e72098e,100,92.75,0.9275,0.67,100,272771
0x3dd462347e7b42b5a3ea15132b677a4978af7a81,100,692.44,6.9244,1.0,94,30032
0x654016a8c9fcf0c4cb7ed6078aba21f7f399f7b7,100,1000.06,10.0006,0.82,100,28608
0xd13d96f7b6bb6dd3ad865e23f1265e5885f1069c,100,730.01,7.3001,0.18,100,557357
0xd30ab5f8ebf0762ae12e4f8b4ae23ec42385da9b,100,55.02,0.5502,0.3,100,215709
0x4da3f5a22c3f8b402ec21c6783c64a779dc5f205,100,151.02,1.5102,0.25,5,22110
0xb4d6fe0f1504a55c65a986ef55b9148a6f0dae7a,100,94.32,0.9432,0.34,100,340818
0x588432f54227364caf999a6df88dbf86a90f4772,100,45.86,0.4586,0.42,100,161842
0xa06c44151e84a85456a1370cc73a23848d1802ff,100,13721.07,137.2107,0.44,46,335339
0xfeee942a06d2f8012823ccde7bf7bcbcaa29a09f,100,1101.94,11.0194,0.36,100,1149092
0xb0bd92cb72e27a3f3b83e03091fcac234ccf473f,100,79.96,0.7996,0.27,100,65615
0xf522d71e617fac84d5b0f8ee1686e735d5ba4c45,100,307.79,3.0779,0.28,100,49648
0x3551d9abd79df6eb2890b4108542ded14171f5b4,100,875.21,8.7521,0.39,100,600577
0x0973d43e9187728a7fdeaab5ec973b3e6163ed7b,100,2.35,0.0235,0.18,33,37952
0x29e129f950b978a8b9d4e63e92278627a2a27272,100,7.1,0.071,0.33,100,42055
0xce11968817773c6c9ffb9726d2dd96069ccc48c7,100,6010.13,60.1013,0.67,12,731197
0x1a316588d98f36cf4076ded9c67a1ccb007907f3,100,156.91,1.5691,0.48,100,155043
0x9c786733e9af618b459250831833ede285f56301,100,1374.86,13.7486,0.56,100,362348
0x02458e17a59386d7a9f71d4135aebc976f81ba3d,100,2329.04,23.2904,0.48,100,672788
0x660d83a1c96a6804ec73c57cee2bbc30474a8094,100,406.09,4.0609,0.38,100,205547
0x34fb5ec7d4e939161946340ea2a1f29254b893de,100,11387.27,113.8727,0.31,100,8268758
0x0a07eb223ff53b8597b18148ab3dd823f9364d6c,100,4500.19,45.0019,0.61,100,7532203
0x46c9ccc6857e33a8209706bb5043700b4608dda8,100,451.81,4.5181,0.18,100,82819
0x3ac9b030594c1ef23a3e8fed9f62356b7bf98bf6,100,55.66,0.5566,0.47,100,227821
0xdaa37a402361e9bf72d6cf57c9ac17ccf1c628f1,100,743.34,7.4334,0.27,68,266614
0xf7dd2961bd8af56b7e198e2af74aa939cea24dd5,100,442.4,4.424,0.17,74,377418
0x84cf74b5ceb7c70ee870fe6c24abad2fafbe9d82,100,21.14,0.2114,0.23,100,32831
0x4eecc2eb1e2707e9bfd3797aed76be9b435d0ae7,100,22.07,0.2207,0.24,100,41574
0xf6efa410dc7f8e0caf2c6742b9a7ccebbfb8457f,100,3.24,0.0324,0.39,100,123261
0x5b7cb91a5f761ed36812f48028f95eef93b6589e,100,67.76,0.6776,0.41,14,22453
0x7ac98895d094126796fcbc6ef7820810bd00278f,100,90.29,0.9029,0.33,100,108175
0x9794834f202be65558e41ae9746d2e6a956b1039,63,82.45,1.3088,0.16,63,119396
0x4d08bbdad22b209d5f706ca01982f20c2971e10d,100,26.66,0.2666,0.18,28,23250
0x9330e0935f2ce400ff35610d0be7e4e09aef0470,100,12.17,0.1217,0.17,100,37884
0x9f95c5dc321fbb849ad5c03d44f1692fbb74450f,100,66.17,0.6617,0.26,100,39750
0x384142ceb6e83e12dcea8399dba6d5996b0d434e,100,253.81,2.5381,0.43,100,57478
0xd72cfd2424e26ba32e46b7b2aff95eff34247a71,100,1555.27,15.5527,0.59,100,283317
0xbb6c0a6099a8c531468ece6c71a74a352902fd1d,100,35.85,0.3585,0.3,100,66206
0x5554087bc849098f047699868f63291e2de79611,100,574.54,5.7454,0.25,81,196932
0x49563efd567778d8992785855cca622942e4ec8f,100,1634.48,16.3448,0.2,84,225704
0xcd81917ff5313d02d7da3d47a9afcd3f635c36e3,100,1448.52,14.4852,0.64,100,3279229
0xbe77bc0d55b3224f0e0a33d2b91d03f7611b304e,100,76.46,0.7646,0.26,100,136156
0xb688959b68e13057586cdcda879cf9b766a2adca,100,204.25,2.0425,0.23,100,100311
0x17665537be0710afde94bfc5d887a63f55667a61,100,6246.04,62.4604,0.19,100,940138
0x0826ae6e88a44324c24da51f8536990c868de786,85,38.77,0.4561,0.53,30,28459
0xe63ac87fa26d662bce290fb1f355c1e1ad877b30,100,41.78,0.4178,0.37,63,66337
0x9b755ded142e2a7e64eabd00ecdf1ad1b99988fb,100,3.66,0.0366,0.28,100,20563
0x54e3f54df4b10ff63f7284733ed735e8e1507c20,100,1006.21,10.0621,0.27,100,877086
0xbb17c9fa09f8602d538f2359bf63e73cdba839d3,100,199.16,1.9916,0.49,100,121574
0xe9b0f5794b008b927beb62e3ce1679f81aa80477,100,141.02,1.4102,0.19,100,167179
0x907d437fee509404101ffd51d43f3276ebec542d,100,53.21,0.5321,0.24,100,58248
0x3253460989ab244b930db5a24a190e57c1ecfe6c,100,119.26,1.1926,0.48,100,53967
0xe9ebad05dbd2457ffc4e2a7402e155aa4839ef54,100,69.24,0.6924,0.33,100,30107
0x7d1bd1c387d1d4ca70f2a0c486b963172cf6dd51,100,1368.33,13.6833,0.44,100,453940
0xac988f999305049f83667bd4af73d63a0d795b70,100,140.88,1.4088,0.25,100,258827
0x4a9f37cb170fa0558653a25312980489eb5778e0,100,31.07,0.3107,0.36,100,75365
0xda668f140b2b6cf7cba8e60b2459772f12ec6704,100,95.31,0.9531,0.39,100,29504
0x521d60ebba57ffc667ab78a17b66117307b3841c,100,67.36,0.6736,0.39,100,21624
0xb31a7c4a3cb3a4c245328432ebbe9fb6c3d2fddc,100,57.9,0.579,0.3,100,38739
0xd70be261df0f220156e2c7559e204262c0f5b419,100,65.94,0.6594,0.36,100,21979
0x5b3eb321fc22243446df32a7123804e42da31f61,100,10.34,0.1034,0.26,59,26545
0x341dbdceb30e81bba62d05251d4165be372f98ac,100,1866.01,18.6601,0.48,100,335369
0x465b8f2134dff7af8b0b9a8d5f6f04cd810198a5,100,208.71,2.0871,0.38,100,61057
0x87c283c42231be3396af0b29d0b91be91f3f9071,100,69.05,0.6905,0.21,100,68680
0xa526c8c433babd8cc6177aa011d6bb3dda4ef8e2,100,95.47,0.9547,0.33,100,56969
0x44b64151b599eebb7d0c6bd24011956d3ef33f89,100,432.22,4.3222,0.42,100,363395
0x2f725e38693f5ffa259d7131747c063da2200c38,100,101.28,1.0128,0.47,99,74985
0x4850d609d34389f5e3d8a61c41091f2f3de595c3,100,4379.3,43.793,0.58,100,655421
0xac651c84b852fba618e7e73fbcf40e8737657382,100,231.32,2.3132,0.31,100,1647594
0xdc7bf4d19f98e3082251a75938ce4775224b19bb,100,172.39,1.7239,0.39,100,91771
0xd3196ab6ed558f6e88506b3a5615119f3d450732,100,48.5,0.485,0.41,100,60366
0x5bdf9ca13a93dec338dea55b8b8786bb3d132d4b,100,617.75,6.1775,0.4,100,113067
0x4fd92b2cb55979f67cc3f78d60ebd4509df366e9,100,469.18,4.6918,0.27,27,199706
0xba91c2dfa26d9b02cb2bdd709ecc45f5b33b0231,100,9678.5,96.785,0.19,22,1417686
0x923c182210f5e702ce399b074d8ea045a56a6cd0,100,369.27,3.6927,0.42,100,52783
0x6a457d59c2dcf0ff6282426f184287a6dc6adb06,100,111.06,1.1106,0.21,64,45783
0xe401ed3d1ffa970394a46c9cfc9a0f1d39142274,100,1329.47,13.2947,0.36,100,231211
0x34e49223da84f31d90bc6a4c1432cf5515f2080b,56,88.78,1.5853,0.41,29,45572
0x1b5c2bbfd5f78f0201c7303c8301ba039c5ab2f4,100,455.65,4.5565,0.4,54,76520
0xe3c6b106eadf2d4ae600843d27ada61b49af6e3e,100,68.05,0.6805,0.59,100,159100
0x7725a7f2bb0e1c448d6fe361d53c840486ec6557,100,2247.84,22.4784,0.47,100,147713
0x333ce0361916b87dbc714ce673fa830c9fb8dc71,100,3258.44,32.5844,0.38,100,1446994
0x925a3877cd884b8edf3160192f76c7c251f83856,100,75.57,0.7557,0.27,100,209367
0xbae5e1fd212efdfae8a9ff44d5667c95f10f7902,100,864.63,8.6463,0.84,100,130142
0xfbb64f9fb18aa6bcf9fe1a2097b3b79435008113,100,103.43,1.0343,0.39,100,320592
0xae7a0f9f663bb54bfe95378c7e3de7dd6e28d6bc,100,434.76,4.3476,0.67,100,50921
0xfd81b27d9796a1ba7d7171ea70010c9befb2a62a,100,5442.46,54.4246,0.25,100,120217
0x67f7aa8fb95c47e6ea9c517b623e0701cbf9d9ba,100,94.59,0.9459,0.45,100,418129
0x03488d119ff425c17521e1fb0fafaf97c69902f3,100,3.37,0.0337,0.41,100,27727
0xcb6a69737cc1c7a368679a2ecfbae11499ff7ace,100,27.46,0.2746,0.3,100,48746
0xe86351e0f69bd808def36e7bb2f9107443838bb8,100,1894.17,18.9417,0.18,100,772949
0x4389a0e25fb85d51ea9a144e2c50ef3d8bea7254,100,66.82,0.6682,0.4,100,28482
0x13558be785661958932ceac35ba20de187275a42,100,48.05,0.4805,0.38,100,59655
0xb7d0e665a00ebc680caeba73b70fad758045798f,100,452.72,4.5272,0.52,100,117857
0x4515957daf1c5a1cd2e24d000e909a0ff6be1975,100,5434.28,54.3428,0.3,100,94171
0x584d8bb48dfdf3cc2a766b5c8261866ae54bd583,100,221.21,2.2121,0.31,100,57553
0x093e8328b7005b9260b7e72446556414cc1fbaa7,100,55.54,0.5554,0.39,24,40393
0x706bb519b05b7dc01d048af9a5e29d1ef5d6d9e3,100,27.4,0.274,0.29,100,183477
0x1700acdd94010de35087b45b601d0e1b90c2697f,100,1030.13,10.3013,1.0,100,153793
0xae89ff81bb4e03937eb046291f0450a6bab37d35,100,42.03,0.4203,0.36,100,162706
0x0cd7fb4ff59c9e3534a40bc677f41154682fece7,100,3789.44,37.8944,0.33,100,120363
0xa880d6cc607a05ea617307ab3b0d335e8d8424ee,100,41.77,0.4177,0.27,100,108812
0x45c42fbd450b5506f8dc819d46036630fe75b81e,100,288.18,2.8818,0.33,100,24941
0x33ad48ed92e3e91a98278f0f7456eae6eafa516e,100,171.45,1.7145,0.35,100,83859
0x4d0976dabd56385d1b54867724c64159aef12bc4,100,5.29,0.0529,0.32,100,26088
0xf36c562be0598b8ce109998b6aa2d53ffcd8316b,100,220.79,2.2079,0.56,100,99078
0xe0e8c1d735698060477e79a8e4c20276fc2ec7a7,100,1938.42,19.3842,0.64,100,111423
0xee162a5a60829bd346f0c1ac3514b21fe5f4b290,100,26.08,0.2608,0.3,100,77864
0xbb360a6b505da47a036605a907f6dd971237abdb,100,5.26,0.0526,0.18,100,43741
0x348e5365acfa48a26ada7da840ca611e29c950ef,100,64.82,0.6482,0.33,100,157646
0x70e3592642e17118842174d8717d1ca234188abb,100,6.87,0.0687,0.33,100,21065
0xc85b34f61c31e0df4ecf3dfb17d28bf764932a63,100,1516.55,15.1655,0.23,100,143103
0x76c2cd1b8a249f465f8445c455cb78e0eed36f1e,100,32659.39,326.5939,0.41,2,2712192
0x04b9d539b8ddfef5b1e762332a367c13eb26f9a1,94,20.23,0.2152,0.24,59,40062
0xc078ab571a5c58a5d3adb560fb94abc9da3dfd60,100,257.65,2.5765,0.69,100,26838
0xea7d364c7726b48473a5668467b2dc798d76cf8a,100,18.99,0.1899,0.45,100,25444
0x5fffee2555a15899ad656c1a80f1b35cd0b2c0c1,100,2964.73,29.6473,0.26,100,143021
0x6f31fef250a34a025f7784a2e3a02b4921b30394,100,839.38,8.3938,0.36,100,323218
0xd2ccf2ebc5be12ef15235ed6dd70d3ec84859541,100,267.69,2.6769,0.37,100,45087
0x88f17731836942b533f33958a302fb4c31bad3d0,100,42.64,0.4264,0.24,100,31986
0x2cef0a7f84e722c77b271862da5fe2387028fa20,100,172.97,1.7297,0.35,100,209341
0x8587051491522599dfcc23de01ae59b622b498b3,100,8.36,0.0836,0.36,100,40862
0xa7602ac2d5f1e1ad6480f8df2fd2bb4ec4d127bf,100,32.68,0.3268,0.39,96,131206
0x5cdb110f126fd5f1a9d75e7e2ae8d24770ffd9c5,33,51.43,1.5583,0.58,30,24824
0x654086857e1fad6dcf05cf6695cce51ea3984268,100,9.86,0.0986,0.35,100,109600
0xb2b1d1a7a034d9209a627e754ebb8d24988ca23a,100,68.5,0.685,0.28,100,85431
0x162cc7c861ebd0c06b3d72319201150482518185,100,199.22,1.9922,0.37,100,317385
0x6704196c08957cd96ace0a875841d98cfdd412dd,100,1219.65,12.1965,0.9,100,162202
0x075c707b6c1b95405cc5f00273ab1a2a946bb384,100,1044.34,10.4434,0.46,100,233044
0x881cd92459f09622680e711458b22c5335fba65b,100,1354.1,13.541,0.59,100,150703
0xaf9f722a676230cc44045efe26fe9a85801ca4fa,100,36809.93,368.0993,0.59,100,6471340
0x34827044cbd4b808fc1b189fce9f50e6dafae7c9,100,72.28,0.7228,0.47,100,65767
0x4264b5a132e4f263d6de2e0d01512a99ea21ec6e,100,1.19,0.0119,0.26,100,38277
0x14b5f5f1a234bec35afd203fe0525b2280c550d6,100,876.75,8.7675,0.16,100,155768
0x0bdb485ed162da6c5a9c9630a37abd46185cad85,100,27.45,0.2745,0.28,100,52709
0x7542f8b0cd1c4c676f2723029663d9c5aa481354,100,106.44,1.0644,0.22,23,31917
0x9ee191a338e2c5163f772eb1e10c3945a779c888,100,1949.69,19.4969,0.32,100,176643
0xc0b2a1ce425d0cd8bc321c445fa6ae0eaed2e688,100,8200.98,82.0098,0.6,38,159673
0x24603e9c30608f960ee9d82971d43ca3b76618b1,100,571.4,5.714,0.36,100,162730
0xd7193c9436c40928ab4bbbd42fd240a1b54aa4e2,100,11607.35,116.0735,1.0,100,162655
0x847bd1ef4fede0fe191129894d63044843f4d473,100,120.39,1.2039,0.3,100,368586
0xf05359fe3426248c3eb48ca9474160dc4510b99d,100,13.18,0.1318,0.18,100,79681
0xe33745cbaac00d61032c50e3b8a7d2553455248f,100,114.6,1.146,0.38,100,303632
0x0622a2198712c9527817493553dca548f42e8088,100,207.28,2.0728,0.35,100,626856
0x3a140f8456b03f25ace243a211dca7b6c4bdb994,100,148.33,1.4833,1.0,100,20322
0x0368625c3c24572b9a24ee67b7e40857f316162f,100,40.66,0.4066,0.27,100,40215
0xe6c650f79e5668859e6ec53f64a8daa4acaeab81,100,173.85,1.7385,1.0,100,24141
0xc388d6787a785767c46ba60aaf58c978acadeec4,100,21.1,0.211,0.3,100,23329
0xcc4ec458ab51654cb5b69d61f178668a06721867,100,34.81,0.3481,0.3,100,21596
0x38bf9995e2ccb202c19e4406d2962dbc76904b77,100,303.44,3.0344,0.27,100,116247
0xfdba12f140990733e9a160291cfce0830d9eea4a,100,61.11,0.6111,0.18,15,47112
0xb05884686a40cc0422a4ddff9ffb9445d125911f,100,42.98,0.4298,0.2,100,57885
0x3d4f0d267975602ef3af040ce0f3ae9a6492ed90,100,38.89,0.3889,0.36,94,96689
0x347ed84ebdbf21ab6056bb3fde442ed1b7278450,100,282.0,2.82,0.36,100,44069
0xd890331e75d076de2ae87225ea3f78d5bf4c2fc0,100,199.55,1.9955,0.25,100,343842
0x08a49e7f7133577aa942f1c24119ff1c6797126d,100,558.08,5.5808,0.23,100,357270
0xd47935ce22e71b37f20d30617afa998a6c89887c,100,47.54,0.4754,0.31,100,25591
0xac8028ccf0c6714994a2f1a8598f90ee45d18b0d,100,264.51,2.6451,0.49,100,32252
0x25c9e832586fc1b4fe14fe8a8667fe7f68220c42,100,147.6,1.476,0.26,100,124820
0xe92a57622488391ceea5754f1e7c5e3dcb34eea6,100,10.93,0.1093,0.25,100,52163
0x31b9957870167f5fa03b8f64d9ab4856c07526db,100,482.41,4.8241,0.23,100,66599
0xd8597fcacbc9080a808e24647efe3699277b12c5,100,752.33,7.5233,0.33,63,781449
0x4d969e59b312970cc07af266938a4433ccae0b4c,100,112.14,1.1214,0.55,100,192228
0x335f45392f8d87745aaae68f5c192849afd9b60e,100,8114.81,81.1481,0.38,100,2418502
0xeb9391195e31aee7bd1d4a33afc36acb67b5b3ec,100,37.75,0.3775,0.8,100,24664
0x4a61858959db514e6577d566f47157f2fba70611,100,4551.26,45.5126,0.25,100,350362
0xa4ef13d41ac54f82425feadf6707d4eac57f3e64,100,238.31,2.3831,0.28,100,109833
0x6896f714f6a3c51dfe7652c78e2566b9e5d2232b,100,28.97,0.2897,0.21,100,103832
0xc06e4bc6563142bac0e31e5dc2eb09bc2d7e8162,100,17.68,0.1768,0.18,57,38189
0xc99da9bdf0b4aecdec0e2f15838392d341ebe0c2,100,3351.88,33.5188,0.24,24,190088
0xf9de4e7c610b325781388dcbc39107b09c05dcbd,100,43.0,0.43,0.27,100,82669
0xa38f19c4ccbcfd64cff676d72c436f7e6239dccf,100,160.77,1.6077,0.42,100,92654
0xc67d29d09c3a4b53b9d1b8b2d27a53a60987214f,100,633.1,6.331,0.25,46,367658
0xbabe6e689ab8f9cd645b22c0154ff5f4e26587b6,100,52.47,0.5247,0.36,100,25673
0xd170564e3620debcfb5d2699212047dbb6487406,100,10.66,0.1066,0.36,100,144960
0x3a3491655a3d26cad9b6acd5a9021e27e4bbef53,100,660.68,6.6068,0.35,83,151762
0x7ca165f354e3260e2f8d5a7508cc9dd2fa009235,100,4187.26,41.8726,0.67,100,3049323
0xbb475febf78b528f4f0d4ae1a12541406565199c,100,9388.71,93.8871,0.44,100,2369040
0xe92c7b0a3b49e8053f309d4d1575d3b859c8968c,100,1430.93,14.3093,0.29,100,126834
0x5a733b25a17dc0f26b862ca9e32b439801b1a8c7,100,12025.85,120.2585,0.89,100,356299
0x9a3664a58b6a6579319c44bdd06a381ec8b47b6a,100,15.52,0.1552,0.2,100,66795
0xb9ccf4df65a33233fbcfafca39fd6da4869e5e4d,100,1127.76,11.2776,0.19,100,215936
0x0cffd0004c58a07899816ca0a25b37204128b23b,100,3.37,0.0337,0.2,100,38045
0xa1d22621c9b077ce4ac468908114a82b2de4a8db,100,365.5,3.655,0.19,100,570472
0x69e4c8ceb49042d74f473b3d5f6e2aee434977c7,100,97.72,0.9772,0.19,100,61119
0xcde682fc64f38967b71cfd00803d4ba3d60e49d1,100,52.65,0.5265,0.23,100,378584
0x62a397a0eed71e8177fb20cbfb72d600657036a4,100,368.47,3.6847,0.21,100,167961
0x10cb550996e85d0281448bf366500987b1c045ed,100,39.64,0.3964,0.18,82,27667
0x7765da450fff87aa1f81bc43ceef14a5e3306ea1,100,73.27,0.7327,0.38,100,197202
0xc1b0ae2f28dc00effa7c62cf4057e03f22acbafe,100,6.06,0.0606,0.32,100,22828
0x29eb8341b79fb86d1cc798b76963c5b85a631d63,100,555.61,5.5561,0.28,11,92658
0x49051a3a2833ae3ac45255750733c79fa83c3225,100,877.49,8.7749,0.3,100,119855
0xd6bfdc1ff30602edaf2feb2bb69372438478f7a2,100,2.76,0.0276,0.21,100,26072
0xdd712bb94217765887488d62f9e42c5a623193a9,100,19.75,0.1975,0.17,100,34084
0xb8980115f275659b6d4db9514c2d4a03178b927e,100,10.98,0.1098,0.19,100,23756
0x8213bdbd431ef5d5c532657038977677b6a111b3,100,248.92,2.4892,0.27,100,178735
0xc49cb6041c811017a63a2665dd3a4ff2a58cc109,100,729.03,7.2903,0.63,100,419750
0xef1621e88170826a969e165679867df5682c0753,100,5.83,0.0583,0.2,100,20106
0x350e33a777d510616fbdb483d1de3b50d1edfcfb,100,6017.1,60.171,1.0,100,881213
0x23f86153b1cad57d21fc81ff04c6ec3c293ac451,100,839.59,8.3959,0.51,58,89508
0x29e0fe68f3d790ede2908fab7699d6069deb8e52,90,2.87,0.0319,0.19,90,21506
0x6e2c1854b043ce4cfc8e42ff228a2979d377ef3c,100,86.89,0.8689,0.23,68,24656
0x77435010f5e34e2fa04f5ce7d49e57a8bd8de4fe,100,704.42,7.0442,0.72,100,986581
0x0c61460ae25b52a58bd9fc76292b53aaf46d6008,100,35.09,0.3509,0.31,100,27008
0xa9fad657efd5516cc50099f615bbc8bc2bca5f8f,100,122.94,1.2294,0.29,18,33337
0xdf2fa90f6cc6f6ad71eab02907cd128a97d8c753,100,665.02,6.6502,0.93,100,103808
0x6038e5d444a263c23604f006cdfe6607caed238b,100,108.7,1.087,0.26,100,66761
0xa775d1bd91ee2cc4cae6113e5fd9c0c17b355277,100,4.22,0.0422,0.28,100,124579
0xa289ee1e56c0d5d041db762e6123e78af0f7d9ad,100,9.92,0.0992,0.62,100,217086
0x1e3001537d0c6799e59245597c541127bac57120,100,1.67,0.0167,0.34,100,296909
0xadcbc1f36213b15399e0497508c50a1cda7bf08f,100,10.04,0.1004,0.29,100,34159
0xc029043cd00b80363130fa058818459a521842a1,100,6.06,0.0606,0.19,100,137974
0x97991003fd631e2923f40cab2a4fdc35e60dc807,100,52.79,0.5279,0.23,100,314820
0x88805c023011ace1a725aab3d88d10d99fe46221,100,12.92,0.1292,0.3,100,85896
0xf27ebb91ea420f73b59b205ac7e0b77a90ec8f3c,100,340.21,3.4021,0.36,100,56839
0x77572dfe16cfb1b2ff5cfd2a1651f41de97fd2fb,100,594.11,5.9411,0.4,1,393077
0x1dd4af3383fce2ee4a40d9fb6766cbfcce2ddbce,100,71.78,0.7178,0.37,100,69446
0x2a72b57dea119cc0bac14df798f9e9b8b148267c,100,2444.24,24.4424,0.74,100,106566
0x1c21b933deecc3d7a23b5cbaf494d6a33a1dd4c7,100,1.28,0.0128,0.3,100,102366
0xbb160cb61e694570f9d570f9fcde7c61dd2143ad,100,38.59,0.3859,0.27,100,224041
0x2dde8c9b7fd681b0af29975e6e2e7ca2c934958c,100,195.4,1.954,0.24,100,267068
0x91e8b5916ad4cbda87bf08b4f0e835b551e90e7d,100,121.36,1.2136,0.22,100,173791
0x984e16e759ac515784f90dd88443260e482c63c1,100,1.97,0.0197,0.38,100,60161
0xabf01ed4099f86c5837e02268fb31dea93e79604,100,90.3,0.903,0.34,100,21207
0x557dd46ee1071247c71672aad915921222f4c3ce,100,19.27,0.1927,0.25,100,25927
0x12567f1867f1179aa3b96e456c83b53bd90adf48,100,264.71,2.6471,0.28,100,50844
0x0bfd7d7721f4c116e853c18ea7998e1cc2350a7d,100,17.14,0.1714,0.16,100,133960
0x8e80c4b533dd977cf716b5c24fd9223129272804,100,4.34,0.0434,0.25,100,120898
0x61bf199fabf0d2ec9dc98b9bcf8084aca32bc0de,100,634.16,6.3416,0.18,100,1020074
0x130925288bbdc7a1cb1e63210480c29c5a5b4a8e,100,4024.84,40.2484,0.67,100,825498
0x1d9c23a59c4e6a0dd238ce13756a9a00c92df297,100,774.39,7.7439,0.6,100,103499
0x6e80e868b482206f4dc55c0d3b989bbf340e6b27,100,318.51,3.1851,0.61,100,205788
0xd911e53d53b663972254e086450fd6198a25961e,100,4837.11,48.3711,0.3,100,5735367
0xf5b1d817ab169093f18e4531f5b01192fba3daa8,100,2.91,0.0291,0.29,100,99312
0x05320f4b89421ad8cce06c3a32a91c1e7cb0a589,100,77.9,0.779,0.33,100,33253
0x503170064a31b130c760f2a14fd5dd4f90b4487d,100,25.36,0.2536,0.18,79,115922
0x551946bd7965303493ff47ecd8c7f2ba8d754d0d,100,669.45,6.6945,0.28,100,922256
0x5a813b82e4520f5534ec617747c1887b9f03f051,100,7270.7,72.707,0.16,100,1385134
0x50d59f4c2480e107acf32c0d1e9cbe7579b01480,100,219.31,2.1931,0.48,100,335590
0xfe1beb64499e186d05a89e0dd3c6f81af32a0e51,100,331.68,3.3168,0.59,5,33482
0x7747dbc336829bafe05170750f1dec639bbdb350,100,599.48,5.9948,0.36,100,124329
0xf94d1cfd380bbaa0d7ca33e00700e7e6be836ab1,100,1090.12,10.9012,0.57,100,109323
0x89da5405f1fdb0644c0e7813cf5414311187a5bd,100,1411.87,14.1187,0.31,83,409813
0xd791afc7f75d77eeb4cd95e4549f330d0ef59f9a,93,41.14,0.4424,0.26,93,68122
0xcda312df8a3e1107dcb83defbcf5abdb9cb9f19b,100,162.89,1.6289,0.29,100,35658
0x52bb9bbbbb075e88228c23bfe6f37d16ae55edbc,100,15.19,0.1519,0.16,100,101947
0xce75a235d1a055e4b3eb88545f7215c6f963055a,100,311.05,3.1105,0.35,100,1158246
0x33d96acb75c553dc18ade6aa2da927b7cbb1c4ef,100,464.8,4.648,0.34,100,138495
0xbc5cafd831501be517d3766cfca7638ccda41932,100,188.24,1.8824,0.39,80,72774
0xd74d56ef80351c55291b2c845959f653b1fe1070,87,29.4,0.3379,0.2,31,39933
0x49ba9baa20d355ba042af2be9772d2b2cd892f44,100,21.1,0.211,0.21,100,129904
0x33890e905c651bce8d564370b74f303ab95a1e20,100,178.06,1.7806,0.16,4,42975
0xe744f241364d89401cb4af5e0a9ec12c6a0810ac,100,17.47,0.1747,0.19,100,29646
0xbad265478a3f0fd25d548b03436303a8928b730f,100,37.93,0.3793,0.16,48,90046
0x297e3a29d58e799cf57395df1293cc4834edd828,100,236.93,2.3693,0.84,100,103578
0x3edffb87b876137096cffeb969fec24091e7e2bf,85,176.42,2.0756,0.28,38,32323
0xf958541eca4c6e72ec9966e650ff09e95c590128,38,37.07,0.9755,0.29,38,27272
0xb4321b142b2a03ce20fcab2007ff6990b9acba93,100,277.78,2.7778,0.36,100,180537
0xbe3f79ae0ab3294aaa3230c1155e912c05b6a55b,100,5469.61,54.6961,0.77,100,1176519
0x7a9d45682babd8a2d79181623c75a7f615990b27,100,74.1,0.741,0.36,100,27326
0xc607a4e51ef1569e232a98f7b0d11ffe13098ebf,100,532.23,5.3223,0.48,92,149585
0x4dd6e1094e99459bee550d5b7f20aec4b5de7bc9,100,5.78,0.0578,0.33,100,155567
0x4f965bea84add66023e7ef0458111a1a80e50bb7,100,53.37,0.5337,0.21,100,137555
0x083296ad99a25757c225dc606cb64b9f3ea103ed,100,137.2,1.372,0.41,100,90443
0x2eb5e21791b0b58d5d8c21585c2362ffc68cc0f8,99,4.61,0.0465,0.18,94,34606
0x48b0149305779fd5cfacfbfbc046b8363a668012,100,499.88,4.9988,0.42,100,32439
0xe92cdf7b804a836a71219cda2b00274d57ac030f,100,50.92,0.5092,0.8,100,122263
0x4ef1c5ae65ab5b37629b7aa523e7e95e7da528e3,100,2627.57,26.2757,0.92,100,1315102
0xa03bf4f4c3a152a3bacb4c72819e3c2cfcb6cb96,100,57.5,0.575,0.3,100,22956
0xebcfa0e05df4c406f4a166b1318581134a8537c0,100,7281.51,72.8151,0.32,100,1767597
0x8a514b942f20e27f53865c77e7b4b6f2311adc35,64,427.8,6.6844,0.44,39,158926
0xc04f39444b44716fd98f3782efad400fe2711b3d,100,9696.82,96.9682,0.64,100,307467
0xe377e2f11c745c294ad65686635217ec765059f2,100,1018.33,10.1833,0.3,100,262317
0xd5e17c7015e3dbd4dd2eed3a462df6679a757b3a,100,909.86,9.0986,0.17,100,151521
0xc68a3f85f57764ab9beaf163e074475688ac3af7,100,256.7,2.567,0.25,100,23447
0x65ce540dbed1d5d035e50c58dd4ae0c2a0722156,100,39.88,0.3988,0.34,100,25803
0x440888714a6afed60ff44e9975a96e6a36f7fac4,100,14.74,0.1474,0.27,100,22352
0x9b0a79d039082e8b6242ca363472327998b485d9,100,95.72,0.9572,0.33,100,76596
0x6cfd06cdcc11b5442d63fc567f794616ae63fa48,100,334.58,3.3458,0.24,98,67030
0x18db1cab14f2886cee69c11ae0ad5b0b691c3a60,100,58.74,0.5874,0.4,100,128049
0x5a750001557da504e3ad0fa7244c0eb0e9b28258,100,642.84,6.4284,0.44,100,175679
0x2b79cc6239b8928d73e1d74267542123c6eda2a4,100,106.9,1.069,0.17,100,48031
0x502ad831f083a876e2d4e8859f1eb8b24688e063,100,225.77,2.2577,0.24,100,372263
0xe06bfa0b07e492de06c2b107a1cde1d8b8f3936c,100,432.88,4.3288,0.29,100,402178
0xcf3f419d08a5bdc2c6e5fbd9ad70904c5420f95f,100,84.8,0.848,0.38,100,480484
0x8a8bca8cba9b60f632cbc087ed9522a5724258b5,72,911.19,12.6555,0.29,62,158908
0x46fca02afc82a59a1fe73cee4dbf10e6f5bac0e7,100,356.5,3.565,0.3,100,262471
0xb3d4fdaa7d9eab92fa0a1fe58035af403635cb8f,100,20.71,0.2071,0.26,100,31432
0xf4fb927da382461f386b28b9672260a722954666,100,1692.67,16.9267,0.58,100,181198
0xb65dd7c56afbf3b272ab5fc49be44b47dca18003,100,75.22,0.7522,0.41,100,39764
0x54cac735e0ffccc62e8dc0ee1ddb0a7315dbde36,100,133.15,1.3315,0.29,100,360013
0x0827212b514cb8205916928e7d11fb6bb5487cb9,100,1146.24,11.4624,0.38,100,615658
0x0b1ace05eb9ef1c3a1951b763700ecad24f27741,100,111.54,1.1154,0.5,100,287980
0x74efcf688618e6b845182ac64ccf9484bb5c6796,100,173.43,1.7343,0.57,100,21425
0xa886bc185eb8d0e4367932c83c59c213f623bd98,100,514.88,5.1488,0.59,100,20620
0xfc91d5c80859e754c755bfccea2ca406084f93f4,100,95.65,0.9565,0.43,100,46909
0x68d017f8c75d22af6a48aa6f2f697c658ec15599,100,407.42,4.0742,0.54,100,22234
0xa3ba283228168e3b9d5ef18e6a87dc52d67cc7dd,100,466.05,4.6605,0.46,100,24561
0xb2a7131040bd752a98861dc8b2089a5ccf767836,100,421.34,4.2134,0.4,100,25054
0x7a6d5fc57f6906f337c48fe2763c3a501304f79c,100,1328.82,13.2882,0.17,100,203508
0xe4b71fe038dbaddbdc92d980792f434ec472348c,100,453.83,4.5383,0.37,100,22474
0xb36147aa91470d1f63743d3c85a7de79148a0aa0,100,35133.22,351.3322,0.51,100,911693
0xa6062bdd6deb26d6a9b6ec760d8ca9746c87caf9,100,10499.38,104.9938,0.74,100,1544520
0x7e31098598ff691729f153345a82434b58e4cf2b,100,17.06,0.1706,0.32,100,27012
0xd3fe5f9af28c260f946aca39464f6699a6285cc5,100,635.92,6.3592,0.26,100,38287
0x49c1b2b92a7b8419b49393abc07a271b12279a85,100,824.06,8.2406,0.22,100,536920
0xbe676c2596bfb76945fcd4dde370e5d5b3193cb3,100,465.84,4.6584,0.41,100,116807
0xc95b1e32b15620eb341ceef2b7cb12873752d264,100,610.2,6.102,0.38,100,29518
0x4bcc092a156905788bf2a1a59e5968623957210d,100,2339.77,23.3977,0.56,100,7386063
0xe67f141977da22e5c34d15c19b35f180a1532715,100,1244.61,12.4461,1.0,100,78536
0x3478d11a734706ca4a66fd1eb186f1daeb4036cf,100,3836.95,38.3695,0.16,100,566923
0x06b48749d4c99fb8a1c69477d923a3654ac93ba9,100,375.43,3.7543,0.44,100,125201
0x8d7bbfa0506ea95c73d864310818acc3e5fa05d9,100,298.14,2.9814,0.38,69,82000
0xca7ee835dd13664698883015218440525b11c931,100,460.29,4.6029,0.52,85,323722
0x1de6a9c56ac6e7e36063f3d1b43621c47b785ebe,100,123.3,1.233,0.21,58,64097
0x383f53835285618c93da424feafb513e0e52c8a1,100,149.33,1.4933,0.21,100,454110
0x5e90b3fda393d779d394197affdf73411406b391,100,754.09,7.5409,0.51,100,455522
0xf98438007cb0a919374f276f135fccd8a94fe26d,100,6.55,0.0655,0.44,50,28960
0xe24880fca5d0d193788761adbd23d76bd35bba9a,100,40.03,0.4003,0.28,81,114078
0x82feba10736224dab93b4d52f73179fd1098b129,100,572.98,5.7298,0.25,20,86043
0x64b36716b8c4b3315d7d9c10625e1d237f4ba225,100,24.78,0.2478,0.16,74,95707
0xd4d93d6b6053025359bdca03271b5932ed92b912,100,310.32,3.1032,0.28,100,320663
0x3952d4a0b9908004490f254367de83fdc66633c9,100,877.26,8.7726,0.31,37,35451
0xf62067b01a21e4f9526450637b011489368be325,100,372.01,3.7201,0.17,53,427944
0x80196a7475464e06de641df6c66e6e278cd364d5,100,1468.16,14.6816,0.3,100,517671
0x1d15a22d741bc7a9cc73c960925154e43b2e7e22,100,56.24,0.5624,0.16,62,36439
0x5274571d8410f01f3b2a8270da2089596ea1e66a,100,243.13,2.4313,0.29,100,161262
0x3cdc70a98446f76d109ab35f41941186b37cf51e,100,1672.02,16.7202,0.38,82,308510
0x4ddd5bff007e5a0791538050a59111953e110480,100,65.32,0.6532,0.36,100,132617
0xc6de3d69ea0d47e5986e21c82c1a3f594c732e89,100,28.52,0.2852,0.3,100,25771
0xd53a1097973665b10277eed68ab72f1d99e7e75c,35,531.54,15.1869,0.17,35,169614
0x3c3badce19181235a47e4c9a677c22d97c214fa5,100,120.74,1.2074,0.41,100,28035
0x8bb95ef705dc9d346fde597ffbaba10e26cf3d94,100,274.09,2.7409,0.45,100,21860
0xcdbf72a2a256da902caaf548bdb1865725d8b473,100,1.86,0.0186,0.42,60,26727
0x589e9bb2621cc480ff568682a1bdfbbfe850d605,100,482.72,4.8272,0.16,100,224807
0x4f9b096385c4e66ce3dec9a17e150795b9a02e3f,100,6323.32,63.2332,1.0,100,129983
0xfc98b6ec7f59ea13354bae6171a9120692fb8777,100,780.2,7.802,0.62,100,244247
0xaa763118f64adcf256ea617794d97b70f675c39f,100,3266.16,32.6616,0.53,100,1795861
0xc37b5d9a854de08c5d74522b726c316833e6a047,100,17.03,0.1703,0.25,100,51961
0xe2990ce029db870c805e90a1a8a1d8a1c52255d6,100,131.73,1.3173,0.72,100,267281
0x023a3d058020fb76cca98f01b3c48c8938a22355,100,1080.84,10.8084,0.21,100,236167
0xe2d2dbae54981833479038c70425e1e3ce6680ec,100,59.09,0.5909,0.47,100,32479
0xb3a38662575bdf1541013ce987934dba919851ea,100,140.78,1.4078,0.24,100,544866
0x7cb42a9fd91d7f2b506de9205254e41bede28439,100,9799.6,97.996,0.64,100,514838
0xff4cd3826ecee12acd4329aada4a2d3419fc463c,100,1.01,0.0101,0.24,100,115117
0x7039770dd766cb8f7597ba9f04eae9c976eba069,100,406.17,4.0617,0.83,58,134076
0x170a03a53fe05bf4ce6753cb0907d05e827bc3c6,100,22.95,0.2295,0.25,100,163501
0x3f1a6c6432c4bf1a96352998334305352f41ca4a,100,88.6,0.886,0.2,70,33562
0x46c28b534019b4428e8be906e366fc65b21ae1fa,69,54.03,0.783,0.19,63,47336
0x70822cb3d038b637dd6c6338f3f1f83f805b2e2d,100,1322.19,13.2219,0.24,65,201264
0xe477c31a2f1b7a9a91fbec5406893b67064521f8,100,5.55,0.0555,0.41,100,26721
0x43ee1c5c9ca75caa1943027c88ad6459c7368abe,100,592.44,5.9244,0.42,100,101731
0xaf68caebaa151dd592112a07e2344b3950e13561,100,36.77,0.3677,0.27,100,270654
0x09b6719da579fd7358360665f5529ae07378f669,100,33.79,0.3379,0.56,70,33519
0x37283486c96d2b9690cb9296292e6e354ceffb4b,100,2506.37,25.0637,0.35,100,98712
0x9dbced00e4eb4c787069e21c93a4ed7c28c1e97e,100,31.84,0.3184,0.17,100,22982
0x6ff8a1ed25cae08ab77a435fe46ca160d4636159,100,95.87,0.9587,0.2,100,72461
0xc12da23fa7759ec79819dad4dd6cb1b6c4f2a21a,100,406.53,4.0653,0.52,67,114605
0x83027df4f3f749a1f9dd8bbc976eee49653c1d72,100,72.62,0.7262,0.24,100,33352
0x0fd6694f6b2f0bab5eb516634e142ecaaecd03f9,100,47.39,0.4739,0.25,100,24926
0xdf89d8a34caa0673a403d9bfe239f7b199bb4a25,100,337.0,3.37,0.35,100,75858
0x3d9cb450212d69cdcbe5d9b791f07716b06068c4,100,497.59,4.9759,0.23,3,157005
0x6beffb9bec3364ae579fa7cb864effefa7bf2695,100,427.67,4.2767,1.0,100,27137
0x2e704840bc7ce8492ad9ae5edc269e894e182db5,100,24.0,0.24,0.34,100,31838
0xcffbe94e5369f2b9e1aec8a7c67a103c862e69a1,100,96.96,0.9696,0.24,100,56935
0xc6fb6956a1b9f1e1b43205f845b5ff529940586a,100,56.84,0.5684,0.52,100,52736
0x3fd64b6057dc845951321e5bb6149eaa0873210f,90,46.4,0.5156,0.16,22,47074
0x4017205f4731f85fc870449e244375e7e8288c06,100,20.82,0.2082,0.22,100,67775
0x9c5456c0c690cf0e707da03d4b8d0c313cd8a4b1,100,1.26,0.0126,0.24,100,22385
0x876bbc52c64e1e34e68d30a18816d651aec2cb46,100,49.85,0.4985,0.21,100,355048
0xa9b91ec3cd32ba4e5841b2bf6ec5d2c222e60243,100,558.14,5.5814,1.0,100,274800
0x97b4fe90ad41a90c74c1822fe929c25c57d6ef12,100,90.15,0.9015,0.31,14,81034
0xeadacab17e07ef72a39ee09124a361769b4f81e2,100,14.48,0.1448,0.19,87,160247
0x2a5b978f2a7211566c7216dfa9a0a6addd00d5df,100,44.52,0.4452,0.3,100,53056
0xabf763bc698f550fb2e5ee0d3b9dd7bffd2b7112,100,337.39,3.3739,0.31,100,192632
0x9747667f468a5e692e4d12983d2df3646f4246c3,100,1074.47,10.7447,0.41,37,207014
0x5782db4728e059339d99864c0d4865553b196d36,100,14.19,0.1419,0.2,100,22631
0xdc91f852e581d2716fc98608a5764b0705b4e452,37,226.7,6.1271,0.38,11,39445
0x09bcd6adb5264642614c74a179c2300a08443be4,100,319.42,3.1942,0.19,50,26026
0x71d22a656f165c8cd5f1b6038aef5fc7b0b2061e,100,15.28,0.1528,0.17,100,69048
0x762e8e28198b1c5cdd159d8f299d8017a0e44582,64,2.32,0.0362,0.62,62,34222
0x587bb84614f132bc80c348f366f40fb7137af401,100,27.37,0.2737,0.18,100,90341
0x2866640cf711697424ae4cdfc1842292964a0800,100,57.53,0.5753,0.33,54,132708
0x8e8983d937a52154802d02234ec8058bbb634e8a,100,31.13,0.3113,0.26,100,51020
0x193c62f3f995c5dc71c374c2cc6f8317ee2b7934,67,113.6,1.6955,0.37,32,45664
0x5a9c734d86b596b381d042f63fe5fc98c7149ee4,100,8.84,0.0884,0.29,100,40160
0x0cd84d3ef37ad3e1c54e28ee6c583659c244caaf,100,279.66,2.7966,0.4,100,214382
0xfb8581022fe5321e420ebed64504a46387f12fe4,100,11.8,0.118,0.27,16,100515
0x6ab5451ffc0e45e14835180d3a148530d17be033,100,2006.23,20.0623,1.0,100,64589
0x681f5cb9a3979dc9a4911712ce11a1fc6dc5fb22,100,1272.54,12.7254,0.3,78,219902
0x4296ea4bd5a84753996c2e792c79dae1ffaf47e1,98,13.55,0.1382,0.4,7,28306
0x459e59437e5a87a2fea099acddc5134d6d1afe2f,100,1777.1,17.771,0.45,100,328272
0x2bdf5e97eb52a15e5582f40ff34fdb00496216af,100,302.76,3.0276,0.41,100,66958
0xd2804232b1debebb56e7cfac23e1ff200609873f,100,84.26,0.8426,0.18,23,366123
0x88a6d1f81d65a4e95c0d384fe161f7e87490dc23,100,6179.2,61.792,0.5,100,2237002
0x4af8ffa33db1c603d1207c6285ba55a48e71e1c2,100,408.09,4.0809,0.36,100,186484
0xc4cda69c9354eb77bce1d70c349b2de691be80b8,100,173.34,1.7334,0.39,100,24481
0xab8ed41c11279636170896fcd2569e97b12f73ae,40,805.84,20.146,0.23,3,60993
0x99d2e6b5c911f71c9ca57f97ddd52c5eb33868ef,100,478.23,4.7823,0.6,100,161283
0x4bfc7fdc9cde9cc70ac95833e1e5d5ec8627e71c,100,301.9,3.019,0.41,62,92693
0xcd1646a729942eaf0b20f84d4876b2c65857bd18,100,573.39,5.7339,0.24,100,312874
0xc00e60207ac621ed642a6df134ee6f7a150d2898,100,492.6,4.926,0.33,100,81757
0x5a71a9c2fa3ce25daf8fd9d414f30fa31c6b9e17,100,652.12,6.5212,0.63,32,79066
0x92bb2fa646c27b1e535402c98ee657e648c81a7e,100,4644.71,46.4471,0.48,18,160347
0xc7547a162cef3e843852ace4d74647aabddeab36,100,14.09,0.1409,0.23,100,34641
0x1445b3bfb928457a4daa26da99682246142690e0,100,46.6,0.466,0.38,100,117283
0x8651a24497a2581ed992be452f9ef6939a0ed2d7,100,15.77,0.1577,0.16,100,26202
0xd7905b6c7230236597efe83561123178b23bbbbd,100,2634.19,26.3419,0.53,100,916228
0xc74e56f16ad7d93226cf8c70978dfdafadd63955,100,1426.37,14.2637,0.32,100,69913
0x6c5a6fd195522c86504329a69264646d05540b6c,100,1387.6,13.876,0.37,100,321720
0xb19785eaabd385ed528f3c8e257edb4b92272fdf,100,7.21,0.0721,0.18,58,82277
0x4f6345e02187f1fbefefa14d84938477347f3953,100,1155.73,11.5573,0.26,100,74737
0x493d1d62516e214d6b7708be4b65c4227a082f8e,100,202.65,2.0265,0.43,50,170203
0x60611fb67c167ee7a223655e355b15aa4951e43f,100,1882.7,18.827,0.41,100,152463
0xe749fa9181a2761144ad75d109125cc3e8992845,100,386.02,3.8602,0.2,100,471926
0x91f14d689bc1ba5cb92044d4cf9a3b0e6ac51ebd,100,2197.68,21.9768,0.5,100,497700
0xb97358bdf1309da2363e157b35824f299c01d1ff,89,92.59,1.0404,0.29,26,97919
0x6f7bb2c586eef088572d3fe766552fe3ff685f22,100,155.56,1.5556,0.59,100,36272
0xa07f1a5b2062aeae2b624accd2a6a968835e5dcb,100,49.98,0.4998,0.3,39,75562
0x3fb8bcd8891daa511b01607d301bf3e296ec4236,100,290.47,2.9047,0.26,13,274447
0xa9e2d5e858304ecde300420cc8aa06dce678496e,100,140.47,1.4047,0.39,44,32758
0x1317ea30e98a643fe356f01f5bc33cd0756044cb,100,2693.67,26.9367,0.5,100,563865
0xee137e94b274b9de821eb862b442b5c65e943351,100,41.46,0.4146,0.24,100,78825
0x1160e6c66406fd1099ca3dbee0046bdad04fc10f,100,309.99,3.0999,0.27,100,324216
0x7ef0525b0ef0bf15c3a3cb451c14fcb3cfca8904,81,11.36,0.1402,0.21,81,21371
0x69fa6164b567236116de1408bd1f1d83d7df3281,100,33.57,0.3357,0.25,12,120441
0x7f447c745e877700be681788fac92e653c33f9b6,100,26.91,0.2691,0.48,50,64686
0x286047cab3a8ba55733842b816d3e5f0d6819e6c,100,8.86,0.0886,0.44,45,33469
0x2785923486e23cef0c27b17d9a9c0a776696d3e3,100,436.55,4.3655,0.2,65,310758
0x5f7227098ecf97ebe84b615bfd9d797cc8d5dcc7,100,29.96,0.2996,0.47,100,225216
0x505d981b8d0df243f06f8a8b49d7d514dab98552,100,351.04,3.5104,1.0,100,49085
0x9fd12a07f48689e72d706be662e936d99529e9ea,100,233.44,2.3344,0.28,97,37935
0x69bd6ef34435b4dae8beb3edc232b52293424a50,100,340.5,3.405,0.41,100,36444
0xf5dd745bcf393686ceffb6a43f7e7b4c172aefad,100,299.03,2.9903,0.35,71,40514
0x2249e3790eba9a700304a96da0182174c2c91b2e,100,326.73,3.2673,0.31,100,40591
0x51a4cee5e31cc8f3bef1564b7a2d0005e2775a98,100,38188.0,381.88,0.51,100,1650023
0x530d25c37cefd10ba560232ec5b5996cd1a65991,100,209.05,2.0905,0.18,37,82320
0x00897e2d7168165b81558c3cd9257efb007f2410,100,17275.54,172.7554,0.9,100,423702
0xc1383f8fa9771ac708349aaf0da2cced084d1293,100,726.31,7.2631,0.31,100,305407
0xab0df34ad1bd1f493860ea0173f0be723265e7eb,100,34.87,0.3487,0.26,100,50236
0x45932044805a88e5774b5caf4a871ff6331eee31,100,4.73,0.0473,0.3,100,23114
0xb8e62505e8ec65da00e21637cd267caf3699c23c,100,42.71,0.4271,0.23,19,56057
0xec13223dce5cc08dd055bbe25fd19a245ac1e23a,100,22.54,0.2254,0.23,100,27198
0x5a4d0edbbeb6bea24fbb2c5170482e4db448c508,100,60.3,0.603,0.29,75,71162
0xc6f03df53a6882e67f375d1ea0173f68a39eeba6,100,353.61,3.5361,0.24,17,467758
0x685f4c72ffde3637549673d746958f143d570227,31,72.56,2.3406,0.16,31,30072
0xa71f62d383d99dc3531861b28ba5c956ad49da43,100,389.82,3.8982,0.44,5,769124
0x4fe3b6f574aebef16f631ee9c4c9671c6af91f70,57,11.98,0.2102,0.25,47,20072
0xcab96572d0607af6662e2864855ca624f6994390,100,276.76,2.7676,0.79,28,272537
0x0013f59f296d8c2ef69ff224532d1f20283b7961,100,79.66,0.7966,0.41,46,65264
0x1d3e2b1734853c99592e7e2279bd904c913ebc52,100,6536.85,65.3685,0.26,100,1065820
0x734bf2970061b18eb51bfa9307eb3b1cc75f9a71,100,54.3,0.543,0.39,100,28865
0x53830c75e22c9fcd864db07f59e81c659b325d84,100,159.63,1.5963,0.37,100,48042
0xed0eb4f29fe044a17b791d13a3ed596fa008df3e,100,102.79,1.0279,0.31,47,44922
0xc3d2b834d5b5450e5b2c67cd5d909e84e6ae61de,100,129.23,1.2923,0.42,28,25409
0x8c0a3f97fd930b2880fb13129eb279b9972bb037,100,314.05,3.1405,0.58,100,81849
0x67d5af9f3d73918dae5094e2749f958f086bdb8f,100,249.47,2.4947,0.61,100,148705
0x07fd7e702ba749ffa49c3a6c17fcd9e6c7b7082a,100,1094.15,10.9415,0.48,100,6478430
0x3325cb56401b4c58890863ee46317c0c39a1e16c,100,7.01,0.0701,0.2,100,59465
0xa59362891a6910c0d16171ac10ad43ba994bbcde,100,763.84,7.6384,0.74,100,27057
0x9e1c00c2a7b98448cd2b2246870f848f00c9df77,100,5.64,0.0564,0.39,93,22341
0xad77adb339736e72d42ec3e9684989036d655120,100,64.65,0.6465,0.24,100,213195
0x4e2e4276e5ccf00bd97982ec5f243575d5ce8770,32,77.56,2.4237,0.28,30,27552
0x4b7ccd5ff6f0bed1e34b8eb999c7f3e9934cc76f,54,5.24,0.097,0.31,26,28549
0x5179ad96173fc9d97f52108bc48c97b45a9fd5ad,100,225.46,2.2546,0.24,100,358099
0xae8764064f3030ad67b693a2a8ada1e2c6d68ed5,100,322.8,3.228,0.27,100,82201
0xc9a6bfe12c961ed16bd07722a62b966832230d13,100,20.49,0.2049,0.27,100,31335
0x01d6520081805ad83de1819982800229308edd37,100,77.8,0.778,0.31,32,166851
0x54bbaff0728595dffcacc488d70aa7da7004beea,100,758.34,7.5834,0.36,100,177126
0xacf09af6853ba4cbbb838e6032953bd7037b4539,100,617.98,6.1798,0.59,100,302305
0x4331ca6ff2e4a342244a4b8bec962a43cbeb0b57,100,855.81,8.5581,0.62,100,1187912
0x59418b287bbd45959b87ecc993a166ffa18c929f,100,831.12,8.3112,0.35,30,439780
0x531f5e6059c3e08c6b386d3b74081f6edf06401e,100,785.48,7.8548,0.55,62,178156
0x4018ad2cb7b7acd8146015e72fd2d274917df9f5,100,13.78,0.1378,0.39,100,150165
0x918f2cf630902b64725dc7f30066fd9c59579825,47,7.0,0.1489,0.32,47,39895
0xaf46264ca909167be237649364f8cd8bd9316adc,44,375.92,8.5436,0.25,44,28343
0x5f6eb0dceaae65eca27c926bdccb0a7fb13bc25e,100,4516.25,45.1625,0.48,100,1047850
0xd5430bd7886d37aa4caab6412074da667242fc5f,100,30.44,0.3044,0.36,11,34783
0xee0d838649cffaf90b4dddd7f0e70703979fcf1b,100,249.75,2.4975,0.53,47,83442
0xd782059de58ebe238592198b97f10e77a1eb6ca7,100,1367.74,13.6774,0.56,100,249154
0xe5e26755418bb65c6bead0dd7dda17a57cb64cce,100,193.93,1.9393,0.3,34,238034
0x9fc9f94d0fd25363928a9edc4f49b99fd770389b,100,680.47,6.8047,0.92,100,401605
0x053f6d0cdb1a2cd0e0b4e63176d40fd73d478239,100,200.04,2.0004,0.29,89,277310
0x41f61fdb5788d5f179d416c7365e956b2c0fda06,100,1.89,0.0189,0.17,100,44691
0x16ad552ec6d7b225039e8802aa08fe4d5292033b,100,592.06,5.9206,0.71,100,90676
0x255e7abaca5ac048f3cd95afead4fd764dc5cad8,100,498.99,4.9899,0.28,100,65081
0xc371eff48f91319786557bc85ec9405886161709,79,283.01,3.5824,0.18,40,164631
0x4940ae0402b0390fce83b8717a49de173abc7c34,58,177.69,3.0636,0.36,56,26861
0x491ab01524042d4340e797a4dc7442bc6950248c,100,46.38,0.4638,0.27,100,29981
0xe8d139082db5c279da534335236f16d7b5fac347,84,3.37,0.0401,0.32,60,48096
0xaf870058800421519bbe5bd02f8333d083b72c61,100,194.61,1.9461,0.3,39,226827
0xbe3ed5c54041307ee6e37a2a9db5d4bba0211055,100,102.24,1.0224,0.33,26,95560
0x26eed20fe3f0b0c952be7d1846d01bf2d05181d0,100,114.44,1.1444,0.45,14,386660
0xcce2b7f1e07c313b886d8ec10370e19c71f37236,100,89.73,0.8973,0.46,52,164020
0x2da1ef069631cf020a14f76d791a61e7065531b8,100,820.21,8.2021,0.35,45,31627
0xb4bb06f432cc5f1d12eeea7fe5d0c52bee7b1cab,100,78.73,0.7873,0.4,100,153444
0x5e895548ea2419672a472127b16659ea0c0626c4,100,45.64,0.4564,0.34,100,54623
0xb6ec6ef26fdd30e686e4d328b643bf63edfc2cf9,100,387.45,3.8745,0.36,100,184083
0x83d352808499873a4498c66276dce8aab895a201,100,23.13,0.2313,0.28,100,26089
0x3a1d11035cab6aa5339473e17163cfe8f5cc00b6,100,119.95,1.1995,0.34,100,29373
0x122e43e5356d1e73b36f090b5116aecf29f6df80,100,206.42,2.0642,0.34,100,47134
0xa96d210a476b7f93e9a5f6035f43f5cb9f72b784,100,119.66,1.1966,0.38,100,29957
0x123ed0f57d397084aae0e01234f7461ff2be98af,100,189.99,1.8999,0.33,100,46137
0xb5f5cbb2e0486f0fa51fd5e334bde00da1fea1e1,100,142.44,1.4244,0.41,100,33713
0x121fefe00c573c04a4d7dfa1b22b945f83baed48,83,89.11,1.0736,0.42,83,408884
0xf348498e4ed91210842dd2275febdf022dbadf5d,100,594.31,5.9431,0.46,100,266208
0xca8f32453b824baccac9b51f06b113c54f596e57,100,845.69,8.4569,0.2,14,274768
0xb40d9082f40c67c07360c4e5cb0af1e48def67ec,100,43.49,0.4349,0.21,35,174204
0x038db6bde9581754039a3e87482bbf790d7053ca,100,169.16,1.6916,0.29,6,119682
0x0cdba32bc3d301bc53399f949d562da2b18aa521,100,154.58,1.5458,0.18,100,128867
0x65e4474e200245d836540a925923de4915b4946d,100,547.43,5.4743,0.16,100,328007
0x18507589ae53147bd54cd98592e868d8e717e09d,100,16.22,0.1622,0.22,100,58172
0x8b6a88f19261de35f6e7d3cbb12b639caa8d9a19,100,192.23,1.9223,0.22,54,36951
0x02496829ea53831d6492c023f6d8684928ebc12e,100,127.4,1.274,0.25,57,44728
0x5290ab34acb59cfe1371baa5782eba14433d308f,100,11894.7,118.947,0.61,100,387304
0x038848e8664976bc0280d011e53966cb16c638c9,100,1621.19,16.2119,0.24,100,546434
0xd5b0e616c0df01aa0efdffd8665ca11c5b1b5e2e,100,4.72,0.0472,0.22,100,65845
0x94ada7e8c5fbfe693f6d3d67a93a4ccd89be2304,86,14.78,0.1718,0.29,13,67704
0x991032c42da64356b0bbbdf803417f7b8f8719ba,100,77.7,0.777,0.37,100,85384
0xfdd43f0dfe376e4b4b24622973d694e04629cbc1,100,7.08,0.0708,0.19,100,25054
0xcff2543859276dd0d80e1768fdeb7171b7a905c7,100,3.31,0.0331,0.31,100,60193
0x4f0577c275415f4dc18e71f13b1b6c71fb80b966,100,89.34,0.8934,0.25,17,35198
0xd4c31d85f001ddbd35571d401f8f24106cd6c4f1,100,626.4,6.264,0.16,11,171609
0x410024cfd535f9fd5f08531bc73853e49b6db63e,100,106.97,1.0697,0.22,100,26251
0xa11f83cbb07fd0327415bd424b986132e009f643,100,4621.55,46.2155,0.27,100,1129563
0xac924effbb38554a02bbe247e0cc44b04139decb,100,447.78,4.4778,0.35,49,39017
0xea59ecafb5ba3750d2fec6af40c3ebed99876ef7,100,11.66,0.1166,0.25,21,52978
0x7c61aed79097029cbd6f617bbed2c65a8b42d95d,100,348.66,3.4866,0.26,100,58452
0x98d0e60828e17d1deba5b3924536909fe1387830,100,1512.43,15.1243,1.0,100,26876
0x6cc31a65e900806d0a67a40f8ca481ad16479c0b,100,501.41,5.0141,0.45,14,177000
0x977472cf3cc6290d3fedc141f8b5d1370e2d8d1b,100,184.17,1.8417,0.28,100,91416
0x6959fe71053a1cb646b5603634beea1ba65afae0,100,1377.83,13.7783,0.33,79,428119
0xfbf4b6bfbe15db2ee1a6a22755808896e8d986a3,100,3055.97,30.5597,0.22,100,589791
0x1b2b5c69f8ed3de70963eb4449935c35e6c22bd8,100,640.11,6.4011,0.23,33,531277
0xe8353365f43e216dd2da9506ec1afb235c364385,100,115.52,1.1552,0.29,100,364110
0xe3fd4b15d5e93562839875fe21bc001e983632fb,100,502.2,5.022,0.29,23,63269
0x693b1283006d4c9249ca109525dd8d4118008bcc,100,15.29,0.1529,0.35,27,27902
0x7d1c18ad321b9286516bd21edd3f7164af559d14,100,1947.24,19.4724,0.16,100,780922
0x1e6a82eb54c4049960849771ef939ec8e728def9,100,26.88,0.2688,0.31,70,23661
0xfe9ef50463fe5201a9fe981d0a017f7f23b886ae,100,59.96,0.5996,0.16,100,230797
0x23e898d2760cf1bfa596a51a08d57d6a2a2ac59b,100,83.22,0.8322,0.3,54,135332
0x75ecd04428c70b1ab2d2c090f655b33f44cbc012,100,543.57,5.4357,0.35,49,89659
0x1b4f9f9388e47bbe635fd80e88df4f8414c8f9f1,100,2412.36,24.1236,0.55,95,160350
0x8d2d9ffc4c31502a6cd60ca9a273f5559f44cf43,100,60.36,0.6036,0.29,62,217585
0xd5bf550f8e3c3ce09bbeb5b76d305be17dc97d9c,100,74.82,0.7482,0.2,100,141928
0xa121ea021d2e8e5313d895f09314b60b1ee54ba7,79,30.37,0.3844,0.3,68,30182
0x468fb194f44259ec10c016eb8eeaccef1d35ffbe,100,106.25,1.0625,0.16,100,50966
0x8c08ae1a2f8fb929231b9c3178fa0e1dc90538f5,100,92.62,0.9262,0.28,23,52591
0x53ee1a6f5c1ed87e3cf90167f8db3ddc5fef9b9d,61,24.19,0.3966,0.2,12,57472
0x1011e961e97784cc54bcc5590424af62a2d14ba7,100,296.78,2.9678,0.52,100,43237
0x854540b1f694c9ebeaaf9f342d8c13c8571909ed,100,303.47,3.0347,0.17,58,199084
0x642f526f735d7ed4d47604218020f8220b6623e1,100,297.75,2.9775,0.32,100,214657
0x70240f913af26691d5efaaa7f0fa581f65be4b30,100,1347.66,13.4766,0.32,100,266661
0x6da263ffee7b2e51912c875e442204e4f4921dcc,100,4.36,0.0436,0.3,100,43958
0xd272810574c98352342dfef9a6b979e52d7728e4,100,11.48,0.1148,0.29,100,24620
0x31d76d16c4b02c5b1158dc903b2ea59bd275853d,100,12.41,0.1241,0.37,100,40492
0xb0606e8f107e9690b69914c0951eb4600502cd3a,84,183.6,2.1857,0.24,84,35390
0xd51173064faa0e4868c644abf964a497c51159e6,100,146.79,1.4679,0.18,100,121966
0x2179c59f31f1da3bfd2ca19901135a8b86362800,100,443.75,4.4375,0.39,12,76883
0x01f315a0c260ad7761d028a322d9e96889035f62,100,69.15,0.6915,0.34,8,31678
0x5769a040622d7380670d42b70b059d00cb98a4fc,100,187.47,1.8747,0.29,98,26518
0x310eac801d355e5a0a7b8cb02a8bb387d2b1dc32,94,16.72,0.1779,0.2,7,46243
0x41a4b71deef3f201846055a1d573f0038b4b0b4e,100,481.45,4.8145,0.48,55,204019
0x09428b317b1013c124710225729782de4f4f8a13,100,370.21,3.7021,0.26,97,255453
0x3c3a43c5661c9965791d7bc438c968555ee03fbd,100,441.14,4.4114,0.22,100,970386
0x8faabd26f803e1a3955af327cd1d4539aaf2b5f0,100,975.97,9.7597,0.54,100,259855
0xba48de93a0bb068009e8546bdf5a8ed800f9f3ec,100,52.65,0.5265,0.25,100,182304
0x9d60df42a75f4752851bdb8ebf66ad2435ff5e1f,100,751.18,7.5118,0.4,100,61274
0xd5ac4fa2cd568dd7573e081d405da541ff82cbec,100,1143.82,11.4382,0.19,100,410124
0xa7bc09ab239be430482fb4a0916225046f985781,100,28.12,0.2812,0.48,47,21041
0x36a06a52620d012926c5862247b09f9b15a7ab6e,96,1.32,0.0137,0.18,29,27556
0xa9fd00909e2a6a5f0f2fcf1b3fd1974a935bd70d,100,474.58,4.7458,0.4,100,680645
0x5e0ab42b3ffa18c8c48bd69da5d013dbda66ab46,100,156.8,1.568,0.19,100,91557
0xa11120be070e9cb5fc0235a099c0ddea7ab69c12,100,179.64,1.7964,0.32,100,26649
0x29a9fbafe858999cd2a50d2017b200a56546b09a,100,313.33,3.1333,0.59,100,225424
0x65c28a6a3ac8e92d4a81e121b9541637ef217391,100,18.5,0.185,0.44,100,21324
0x5404cab11dbd30fd00069d473c621cd2c7b6ae66,100,510.17,5.1017,0.52,65,73546
0x6de581dc49c821fa88be2fe281065b83eecbfc42,100,115.29,1.1529,0.51,36,43340
0x9d05ad2a1cdb117d9063c0a5218bea5bddcd9994,100,36.87,0.3687,0.18,100,57292
0x8c257a0f5b2d5f1d122cdd16e3df2e00fb9f1364,67,119.87,1.7892,0.49,28,59973
0x936a73cde3bc456d89f2bf19b912fb5b5c1fed76,100,550.67,5.5067,0.31,100,73645
0x3b752b30db3145aba97d04dcc135d41fe04a8136,100,30.48,0.3048,0.17,100,25575
0x1474100b2fce34758c398e52796358d3b9b1c1c9,100,105.99,1.0599,0.23,54,36709
0xec674dc14082d0774cb2fa2aa7c796dc2d82d694,82,38.41,0.4684,0.27,23,27731
0xdcfb55c69eb40d86e628d6c01b1e9cb6db49a1ba,100,32.38,0.3238,0.16,8,36173
0xed36d24ccd716c49e38a4a95dceb7b390129b686,100,87.68,0.8768,0.19,29,38039
0x7d7d7c915053a74dcd4d565619b2eb36eef6220a,100,2.53,0.0253,0.17,100,36953
0x881b07711de3ad081dd3d667ace488aa6a38539a,100,335.76,3.3576,0.42,16,97386
0x6eb60edaff9516ee129d306d41f5450dbab5829d,100,97.01,0.9701,0.32,100,58947
0x699b9d0056f3412fbf732539c971415a8d4d3e86,57,21.22,0.3723,0.19,6,41740
0xf2129b7c79949b63bc7731b0e68e97f950405793,76,55.98,0.7366,0.5,66,27511
0xb5c55f076c5800430b73a5fa13bd4422ed0acfe8,100,98.48,0.9848,0.26,100,87266
0x6ff08811c390f15cc0ccdee6a8ef465257324bc1,100,167.17,1.6717,0.29,69,60326
0xe499fa1d5e96139277fb56ecd023911678de900a,50,280.81,5.6161,0.3,21,58097
0xc4d53add4a71ce6ef8f539548faffa3317f1705b,43,131.24,3.0521,0.37,9,22502
0xd5c01fd7ebf51449629ee46a5c71a674d31d2554,100,250.94,2.5094,0.37,100,144648
0xce230760e32c0e5d712deac41acc1416a262ecea,100,278.36,2.7836,0.42,40,205481
0x5dd24d6a3b88281af2069f88bb1a736d866dcf58,100,491.7,4.917,0.46,100,179771
0xc55d62004be10f3a9f14e76501c71bb3bd8c35d3,100,642.54,6.4254,0.16,100,186709
0x3e5e5f52f6c90f99afaba729abe663bd1fb06980,100,11.46,0.1146,0.24,69,116250
0xfc3a7ca9b00ce73f91db154ded5e8e84cb712d07,100,685.54,6.8554,0.17,100,292826
0x8fde7b5bfd905513d8d373ae6039be00345052ae,100,2642.77,26.4277,0.37,74,524789
0x40847f950a979956e5d42236843ba7e73f27c01f,53,394.93,7.4516,0.4,39,88565
0xbd1dae647940d43bf2db452f2954d3f75011350f,100,1610.65,16.1065,0.35,9,294733
0x25aac4610c7f7a69a464fd7f527ed6d61896ba2f,84,118.04,1.4052,0.2,41,157555
0x37763a8c2951d6a7c52f67a0d11ef236d81957dd,100,16.55,0.1655,0.29,18,331813
0x49638a9a01f6a1aeae8e39b8c0a66f245b925093,100,627.12,6.2712,0.39,40,156531
0xa891fb1cc78963f6ef08445d8e0dfd48cb573dc2,100,203.39,2.0339,0.29,100,78994
0xb1f2c0363f48149f35d88a3654b54531d349f858,100,207.93,2.0793,0.33,56,55794
0x50291ead6c926ec5c15499df2de1287823b6ee09,100,237.78,2.3778,0.28,100,116784
0xce2d7ea533d9dceafb22442d9623749afa044a52,100,11.11,0.1111,0.22,21,22362
0x29149b0de01636eca0535cc586095c632f0cb203,100,620.2,6.202,0.33,100,29707
0xb97e3758c7b8a4445456b4d0b8c8c6fceed942a9,30,111.09,3.7029,0.47,30,63774
0xacae31c9b5c3ba7003f8166b916ad65f5c5a0fb6,100,959.24,9.5924,0.32,100,70419
0x202360d9edcb7b46d8ae064b516be137e081060f,100,87.28,0.8728,0.49,75,110279
0x275c268cbebb441ee345b8d013e67f953607faca,100,23.61,0.2361,0.16,30,20997
0x6738b0b9a9c8d0f2a0584d1c780a2d24432b18e6,100,70.79,0.7079,0.4,35,40575
0xadc721fe657ae09d2a98978ff5c020f3a8088ab5,100,125.37,1.2537,0.44,37,84639
0x7ba243397a71e122042140d01d313e02f26fd2a3,100,32.07,0.3207,0.4,16,58356
0xd6b8a9b82423b6c997c6f1b1ed6757b04e185b41,100,1587.76,15.8776,0.82,100,65130
0x3393527279086d7c5c37b90b88b57e6fbcf01c2a,100,120.66,1.2066,0.17,100,65985
0xdbbca37eef2a681de2404db37c656540ae4498f2,100,206.97,2.0697,0.37,3,100623
0xbbf3353020bc8644b5130c07561419a0bad2eabc,100,262.43,2.6243,0.29,57,87799
0xa03c806b247fdd0a6ffa547268676daa73aa925f,100,228.13,2.2813,0.26,9,128822
0xfb796d777830fb71bf61f68a9561f1047b45c165,100,36.87,0.3687,0.22,100,119594
0x10a297228eae79617e5873dd924b6aca1ad33c74,100,3950.19,39.5019,0.4,22,326633
0x6f83ab8890ed38bf38a31010aa9a5e9ca743bfad,100,7911.79,79.1179,0.75,100,331377
0xf8553962eb71bb01ffb04e7b5ebe9728d5ce454c,100,2.14,0.0214,0.23,94,33686
0x546c5a508331e44298795b411d834a1f26822d4d,100,39.54,0.3954,0.29,100,47281
0x01ffcc7285866e5cee14c8e807cb2e8d5f61079f,100,566.46,5.6646,0.37,100,26383
0x42018892168dc4d955b6ce25ceb8c9709538c418,100,31.26,0.3126,0.17,100,64275
0x6aacf00eafa230741067b2bb9c97d607a5a32fb8,100,147.66,1.4766,0.2,100,423395
0xe77df91030f9062f24a22e82cda92f78099d11df,100,38.23,0.3823,0.51,38,61535
0x38ab034a2cd6c2bc38db147ae6417fc256b849ba,87,127.0,1.4598,0.21,26,21663
0xf93d43f4b399547eed48bf437867ae0a7a184b7a,100,375.97,3.7597,0.38,100,125687
0x78d770e9b6c4ac1685a3ac85b9c5e0459a6f0d76,100,35.71,0.3571,0.2,100,74766
0x81516474b911cd0ee6adbf72b3eb57840e2141e3,100,412.91,4.1291,0.66,100,333218
0x7cb7c78c8cfdcec57e94dec63c8453ab16b21c7c,57,13.75,0.2412,0.23,8,34216
0x93e47caf07f50ace21ea2a1e0fd57dabb5803ed1,100,191.81,1.9181,0.54,59,177812
0xc54e543232a1ca7f2caa75ae64aacc114869eebf,100,14.42,0.1442,0.16,100,42629
0xf7fc41eec1412fa6eb1b3f51ee0b1b663abd66d8,100,49.79,0.4979,0.28,79,217619
0x54f6d33ede35beb6807051f1864c629c58553dd9,100,1337.32,13.3732,0.23,44,105373
0xd8f70b6e1394eb2470ec22fd1788444d04b478dc,100,12982.56,129.8256,0.23,100,568704
0x522e4340d580364dd94426bef00c59a9f7283ea6,100,486.62,4.8662,0.3,100,227990
0xa34be2b5349a9e1592dfa962b9fd8d08160e957e,100,2320.6,23.206,0.22,29,166275
0x34cd7a88b0cbad04cdba954d3da3beab70b34fb9,100,26.49,0.2649,0.24,3,44943
0x2530565e1df599142994fe949fbb0fcb856060cd,60,335.17,5.5861,0.3,60,128279
0xe03de90a407c60a8d87413f8c1e3ec8da8b75adf,100,819.41,8.1941,0.6,100,130948
0x63d417a577b50c96f4f09148d4e4d70950db0522,100,304.06,3.0406,0.29,100,793143
0xc7734b1d1b1924f9bc4a4baf94a1a60eae336cac,100,51.88,0.5188,0.18,42,75505
0x79c2367f220c3b134bf6878032a72a256ac30c46,100,51.31,0.5131,0.42,18,60320
0xf8824fd4bfe027bc3d0b41ac7c5dfb21751fb27d,100,147.69,1.4769,0.23,100,196146
0x02f4b5ae4c4fa4c9b2be1c482ea63375ef88a582,100,454.56,4.5456,0.42,42,97790
0x9d05a01ec84c6831358a6ef337e554758fbb9166,100,4229.62,42.2962,0.25,12,488734
0x61042f628903a31d24613795b5d38355c699b17c,50,437.43,8.7485,0.38,34,54103
0xbaa91d6651782949d024d3783172fd5c094cd8b6,100,3444.54,34.4454,0.64,100,723070
0x0b2b250dcfd59adf0ee604b2d09518518c2a05b1,100,31.67,0.3167,0.32,100,33388
0xdf36b093cbc06522b68105c3d9141db188e980b6,100,521.02,5.2102,0.43,100,641447
0x1ca4d75d24dcd969ad9c8ad455c76ab8241fdf63,100,147.96,1.4796,0.36,100,28314
0xa3e47fe0f3e0bba0a320eb3b789a6e3bb848bfd9,100,18.5,0.185,0.19,81,26050
0xb9a5b462c0b4f21b074757463c16ec3698a03b9d,100,4254.4,42.544,0.35,100,1180614
0x47bdfe73042cc164797161af7e67aee29d55e824,51,71.1,1.3942,0.55,21,35587
0xa3e3e7277d4eba425eb4e51bc2a2dd50f853ec9c,100,1864.21,18.6421,0.61,100,106704
0x355786a1302594c6ed2ccec0ec712e1b57f4078c,100,209.77,2.0977,0.31,48,99179
0xdf812ede7068e13b461d4071a85c316c65c6dffe,100,385.56,3.8556,0.19,100,195164
0x608d3d9b9bc9b172dbefa6c518466c1b4db37c77,100,206.7,2.067,0.24,74,181379
0xd28d89138bf10f7959824a4d5fbe6f5a6063400c,100,664.62,6.6462,0.18,66,438540
0x24100e7ec34e312e1354361dd8417842e9a7678c,100,1.63,0.0163,0.35,51,20398
0x5c7e7b3a5fcf12fa561374be3bba6cb3997dc5ee,100,22813.83,228.1383,0.48,100,707608
0x4fed6d75b5ebc6262199c72df654e36174c43095,100,281.28,2.8128,0.59,5,61718
0xcc262fc9438b148f1b7ea56fffa114bb2f4ddaff,100,93.77,0.9377,0.22,10,73148
0x4c3baee20d1a85dcef52635dd7acc30850d116c5,37,13.88,0.375,0.24,35,55393
0x747bd8ff57dc88e419f2210f447e994d9a8163b0,100,3.61,0.0361,0.16,100,28498
0xbef25b6ec69c59f53ea628436cf21b3dfbfa42ff,100,66.11,0.6611,0.29,100,86204
0xcbe834386b8ec9d8c50eaad48dacb83e8b42ddfc,100,1689.75,16.8975,0.51,27,157844
0xbf07c1ee3feb9e45ce25ef387f1f3e0f3331ba9f,100,22.71,0.2271,0.38,44,34465
0xfbc98a49ae61df155a3bc8290119aed92288e4f2,100,156.77,1.5677,0.56,69,35245
0xdcc5e0b495d5b610605691238cf1bc03663f7e7f,100,1202.99,12.0299,0.17,3,177729
0x7132f245ae64f77848b87d1e5302ecc7791bc2f0,38,11.38,0.2995,0.16,20,28040
0x4fc185024bf30524a972531956a19496d327023c,100,602.7,6.027,0.26,8,116282
0xb40865eaf6dfbcfe764ecd8e28a33f4bbc21c19d,100,5203.22,52.0322,0.4,100,939987
0xaf0966e3a6ab82cc1be3e1fb64880ae33efaedd4,100,358.92,3.5892,0.43,51,21874
0x92456269b73e0f3b048976c1a1082d90ef12fcb2,100,58.14,0.5814,0.48,100,82489
0x4759f6ab665e648dffa6a17e5641cc744abc4904,100,863.53,8.6353,0.36,100,1110242
0x265eac78fb57495674227c93065d67abe6f97f70,100,134.26,1.3426,0.25,100,81036
0x18eeb366ea732d732d5930251ed26eddb65b4c5f,100,622.46,6.2246,0.25,88,405672
0x0696b8b7a68c1057576b2790848d63e7e95c451c,100,59.54,0.5954,0.43,100,23601
0xf440512c3e8e000e49b7f75714373d45b224418e,100,714.96,7.1496,0.23,49,100068
0xf3e57279eecd37d098b68f03206f89266773d607,100,296.0,2.96,0.44,46,78996
0x10632f80c17a4083183eb2678c3fe353d955902c,100,3315.41,33.1541,0.19,42,553901
0x4adff5de4951dc59a374ad4d3c82a28acb9889b2,100,1627.01,16.2701,0.28,100,233734
0x8a4c670fc71251d804269b5ea10df81903a84e57,100,427.76,4.2776,0.39,100,133818
0xd3f7b6c78e87befcd36b7d67bc71202b3d342db7,100,33.32,0.3332,0.3,100,612114
0x29d30935f0eb068883da8cf174e7d666ccc916a3,100,788.33,7.8833,0.45,19,94251
0xf8ea751e6ac64dfe4bee70492f8f2b3833d93934,65,52.52,0.808,0.2,14,32909
0xeedeaf3c5f8d7691b58807d93178803364383acc,100,630.55,6.3055,0.27,100,347948
0x40ffdff37195b2508378cfaeda0b1602ead6f4f3,75,151.56,2.0208,0.27,17,37564
0x580e2a5a0246d7d151d3252c556e92f7587628df,100,1633.71,16.3371,0.19,68,363236
0x5f0ef9ca677a3df3b89060b13593ec528ae91f9e,100,1234.4,12.344,0.54,100,158896
0x37ded80a091831c4b3293add5efc8ff23a1da95a,100,40.56,0.4056,0.24,8,64295
0xfdbe23aeb6e324b4fd3181dfbcc21ba1ca24ff17,100,64.53,0.6453,0.16,20,43338
0x126379927aab617c2d5379b93f14581cbc90be94,100,29.57,0.2957,0.23,9,59439
0x08c9f39b8c685e962ea727148b0dd6b2a7dd8c36,100,57.99,0.5799,0.22,83,64687
0x811f59abf9f115f34c34a85a3e894025dc15380b,100,86.78,0.8678,0.34,100,68937
0x74191ce82d662db147539fa12a1b64e386376256,100,549.09,5.4909,0.32,43,55397
0x4205490915b8e97412fa2b624bd4d63f953e943c,100,1037.89,10.3789,0.21,100,192762
0x9af96ff34a471c4da3740067cb4f985a8c62c071,100,41.76,0.4176,0.39,100,47148
0xbf879617f82df70d9bc44c8f164047d7908410bc,100,277.8,2.778,0.26,9,66449
0x836e3f5caddf87a733475450685731d23163dae5,100,801.94,8.0194,0.42,100,210156
0x56a049a6203982509fbc87fa5ca1cc4b50b2582c,100,12.44,0.1244,0.28,49,68883
0xd249f6fbad59240ed7c8f893a92e0f0de32db2e5,100,978.48,9.7848,0.2,49,245973
0x6b0c99fcb608e0ec5b8e4e38bd3e1d197579ceed,39,66.61,1.7079,0.49,13,33355
0x9f27fe6ff11671fee6ca86a092c9cc3e5388e00e,100,8.96,0.0896,0.22,100,64061
0xd8bc6f3ff98063ad356b1097f57bbe480e48a2a1,70,66.36,0.948,0.31,22,92423
0xf09f3f21bd1fab2fb88a5d96381f1707cc7956f0,100,888.78,8.8878,0.25,14,183475
0xbdb5c9348041cdcb5f60ffc6c892ec1b82b51b16,100,1248.36,12.4836,0.21,100,1177481
0xe61ea74879278352b54ee30ba7896dcf43545cae,100,529.69,5.2969,0.25,59,333467
0x65250ffac3ff170f6e33c9123cf558e04013fa1a,100,8020.41,80.2041,0.69,100,887230
0xc450ac38becd7a0023b4e1ddb26524ca35789a13,100,1439.4,14.394,0.71,100,52234
0x5bd953c2b96157149b734cbcf8dd5c0b1032707b,100,366.08,3.6608,0.29,100,68702
0x2039a0ef493403299155429817cd637fca4e5753,100,438.89,4.3889,0.37,13,34439
0x1c1855cc6a583948c5e6448eb71ba22062335eb8,100,651.48,6.5148,0.62,100,49733
0x687ff6d6a2d149f6475b83baec087067b62be9e8,100,104.96,1.0496,0.22,18,267031
0xaeaca294a7b71cadcdc3d24d431451e69cc28995,100,48.5,0.485,0.24,100,27106
0xd83e95587261de3273c39b5e45caf07b0f9c0e3f,100,68.42,0.6842,0.26,17,121277
0xfb84d3220e098bf5e5a857c90216653fed7af529,100,364.37,3.6437,0.44,100,494326
0x9638e5f4f208e7e10aed7c785853ad150197058b,100,126.81,1.2681,0.16,100,62670
0x487c9d719511cf07729db979752b282111b347c1,72,22.49,0.3124,0.28,21,23266
0xcf3e324f4a9b1f90e93c98503190939e45c20042,100,1.95,0.0195,0.24,48,50925
0x659c8b8e146ad16113ac2e5a71c99ba058ac5567,100,884.78,8.8478,0.34,8,98812
0x370d0c7d3105677138c3719722239fb2a03dc9c8,100,441.05,4.4105,0.6,27,151539
0x1bc67071c3d97a82bb4e07e0d65591120eba8f66,100,204.57,2.0457,0.24,58,163898
0x9feadfbf9d190797ede3fc43f9d1cac0c98f56b0,38,56.07,1.4754,0.42,38,33255
0x6bc0edeb97a56008f9bc6c7b29227f93a40a6b83,100,156.36,1.5636,0.28,97,33217
0x052e3e5772b532abd41c8916fa6c54c942016675,100,73.55,0.7355,0.66,68,253832
0x2cbc9b63a7e02f2b24fb1c971be17a0bc91daa31,100,1425.54,14.2554,0.21,80,640603
0x25f476d44f3b6e137cabcc32a1f385c7164cd81f,100,569.62,5.6962,0.37,100,312782
0x45ea9ec54d4b9b75a1c3a03c9693799be698578b,100,3404.63,34.0463,0.19,100,768657
0x26403afcb80ff93fb9e7f09d0f24c9686064188f,48,119.55,2.4906,0.31,45,20793
0x66469c8a7d83cf953460c438e483c7ed334b63e2,100,276.02,2.7602,0.19,100,86945
0x86a7e4550dfdf6ebae7b468b47ec128e31ed3296,100,8.16,0.0816,0.19,14,73071
0x4594d0b089984277ae64bdea2093c28db66d3e01,100,1118.0,11.18,0.26,100,136452
0xc6b1c8c8689f309dbf784937bfe89979f4c82a2c,100,131.53,1.3153,0.33,22,110584
0x7a4c84a146ba1e15432adcd7ad39f74b0ec05e61,100,85.57,0.8557,0.45,100,117103
0xaaa3c93538ac273bfd2770673d77ae560148fd50,100,1759.24,17.5924,0.37,23,255450
0x0792167c41f556d09149cbf514d314239a0a821a,100,16.44,0.1644,0.35,13,51960
0x4346cce98d7517d6fb038e02d5321de8ce149871,100,18.74,0.1874,0.38,82,130850
0xd17ef8f1cda2eb8efbfa072d23f7bc1902e770dd,100,143.41,1.4341,0.41,100,20810
0x71e3a49e31909d95f680e0a072c286eb36a2db20,100,52.96,0.5296,0.27,20,111676
0x2d6485714417035d8932ce77031d6e48d8de3e7b,100,308.03,3.0803,0.55,18,76131
0x5194cb1ecb52871efa33fe787f3956e0a7ad2327,100,253.58,2.5358,0.35,14,130485
0x411c4a52ae409d4118f2d092f107108948b7a86f,100,493.65,4.9365,0.21,12,440923
0xd8299b800f6fbf4df4f0ae451cd1f14a7e514691,100,2425.22,24.2522,0.28,100,710537
0xc55fc6f9a085492e419e03fa5319ac41ecdee157,100,8459.38,84.5938,0.44,100,1271122
0xe8a4bb3b8acdebd260d58c9806d44c5710381113,100,3505.63,35.0563,0.48,25,654175
0xd2c1ef0b403ebdb9d01e0d9be3f8c43af0b6a6c8,100,219.22,2.1922,0.28,41,81190
0xcc33d2eedf3d33ff28b5662330bd3171de259b6d,100,525.19,5.2519,0.17,100,305537
0x50be2bcbf5dc19051457ea522df423e0f9fe54f1,100,1323.02,13.2302,0.27,100,119725
0xec7fa7564f0bd79dbca021b7c04aca0c944d074e,100,2651.59,26.5159,0.63,51,322327
0x0faef09b4deaedb0b99d68131f76acbef7cb4c8c,100,435.98,4.3598,0.29,100,153269
0x4b80f64edf114beb30424d35d1df2d6075fb448c,100,4.08,0.0408,0.37,7,126958
0x49da7f38ac0d07e231f9f1ba5ac754b0dac12b8e,100,40.56,0.4056,0.24,48,42087
0x7a152b442da15c7a170b679df3e9667052a625a8,100,3459.04,34.5904,0.56,82,818141
0x6187c73a3e7b47b9abbaddb7e5ca13fc4085cdae,100,63.41,0.6341,0.46,71,34873
0x7a33c9b8e411d49dde4cbc38201af37848eeb098,100,6113.32,61.1332,0.32,78,935107
0x897edf74f7ccc4a1b84154ea63a777ca5e53de99,100,4431.0,44.31,0.47,100,547335
0x478ed6c83003ec70137d0076da4b5c1c40507ba7,100,4165.4,41.654,0.29,100,203802
0xd0d9e3505349bc945a414a6ec8ff8bcadabf20e3,100,16.99,0.1699,0.32,29,113327
0x2568152ecf9334881ae18ca7bfd98946acdf1f09,100,172.72,1.7272,0.34,100,88500
0x153e2314b5b0d8cd97843102d0cd771fc3becb07,100,1452.78,14.5278,0.31,100,254000
0x86b46efd704c57d35217cb2bdc42c99bbdf1c215,100,1.14,0.0114,0.36,26,29775
0x7acba02d20d823eaa986d87480bba9d2cbdcb6eb,100,61.99,0.6199,0.28,48,110378
0xb4107ce64a8b7baf7612fee62879588239b31492,100,651.46,6.5146,0.39,100,301862
0x249f4abd9d680563380903f1c12825ba7933b75d,100,180.47,1.8047,0.44,43,159307
0xe707d492ac77a2daa423a6e7287f62b2484cf1dd,100,41.83,0.4183,0.21,94,94839
0xb93c09481c00d6814945e5ed7a8d70e9303a8886,100,644.03,6.4403,0.16,100,204607
0xb34e1df2be83618aabd9ba8c6277b11f6ccd6b8b,100,223.98,2.2398,0.51,45,134729
0x3adcc198269f9cf1a63a324c4a5d91cd639d8f79,100,432.28,4.3228,0.22,30,235903
0x266ddc516a8721e5418ce3911b0f531a62b66737,100,2968.48,29.6848,0.17,80,361276
0xcca819f791b798565b737caaea37dab0b92d6831,100,161.78,1.6178,0.32,100,48012
0x54190f56c621b31733158dc19f65afeab94490d2,100,21.89,0.2189,0.23,100,30800
0x1c69e2540305b8a2365c3790cbf686473e58880e,100,86.76,0.8676,0.22,30,76058
0x996339e06d97d67a14f8b8eddc11a72b237ad000,100,281.05,2.8105,0.29,37,130611
0xc0858ba856626f207b50e98ff11406dbecdead05,100,431.99,4.3199,0.34,100,65842
0x9f351e79c2cbbe0bc555f05768f129045f702c24,100,60.11,0.6011,0.47,100,150394
0x9949adaf19cd4207a72926692646337e233e8a79,70,21.06,0.3009,0.19,36,26241
0xcb801f51d908dc4e4619b7041cea75b8fb507c2a,100,2823.14,28.2314,0.72,100,388291
0xdf5c5b2990883c69bcb89332bbf96ba2969ccc17,100,333.0,3.33,0.42,48,165216
0x6d017d1ee47882e100ae8988cb215d9f64e748bc,51,79.36,1.5561,0.41,30,36728
0x823de4bdc37f6749ff689a50aff96e6c3a66bf90,100,111.5,1.115,0.43,100,52718
0x0b47dae38e15e7c445cae9954730ee826a77a5af,100,69.59,0.6959,0.19,63,79965
0x623f06110ecfd520c9a0ddb237d3738263f522ca,100,36.41,0.3641,0.34,100,25948
0x0bb6eb4200ae21b2e40a7051b481fab57b51f2c4,100,12579.0,125.79,0.2,100,1035631
0x323bb175aed2c682653eca10ea5c4eced5061e68,100,18866.84,188.6684,0.46,100,1220137
0x27ae59e79b3f495ddb261b3dffc83a516235b560,100,203.37,2.0337,0.4,100,42306
0x4c286f455a1d925adfc66fb6166b74a62fc65f0b,100,27.11,0.2711,0.77,76,67010
0x7ec304700205d8165b5481570e23e8114c4b3739,100,496.21,4.9621,0.2,100,174311
0x80035367c996c950f069cafadd166a91cae75e60,100,63.15,0.6315,0.24,25,179258
0x2485865a353e9467cdbca4393acfbcdf1f9d7386,100,9.7,0.097,0.22,45,48395
0x8e9e8555709ce5d50525e019fa881f527ab72a68,100,102.97,1.0297,0.25,100,21795
0xf5c32bfc257ceffef48c451266fcf18eca43ba1c,65,93.16,1.4332,0.49,16,46720
0x70f55932142a2765e508a8ec2342c7ca4f780bd3,100,95.5,0.955,0.27,34,41170
0xbae26121b93571a6bf257fda190ae3f57ac43d8c,100,615.26,6.1526,0.79,85,76210
0x506ded8b74abb81bb4e4faca1d4e36a2c65fddb9,100,2912.7,29.127,0.62,100,216258
0xa0fa36f97966496971b49dd0ce74f6b68d3f8f35,100,127.65,1.2765,0.32,100,65784
0x609e1de29d5e543a6eba15b73d9ed335e90004b3,100,1180.09,11.8009,0.34,100,169608
0xdd13adbcc41ab0eba7e3f34a195ff510068eb84e,100,417.92,4.1792,0.34,100,341640
0x7c34377cc3b34a91b834a069d55c68999f7a548a,100,1625.28,16.2528,0.75,100,101876
0x2e2e76c5e1d91a78ec41672da4640620d88a1c50,100,1457.36,14.5736,0.47,100,153742
0x6ef7861e99d366e203ebc121f53765b110e8b80f,100,42.64,0.4264,0.48,32,64237
0xa4e0c7d9d0db2c68632c25b1f6ada3c433fd4d6d,100,117.07,1.1707,0.43,14,30595
0x4a7032b05d95ffa93f5081b4493b35453c0c4852,100,29.75,0.2975,0.4,58,31374
0x759de6b9806a5f695b8fe92f58a6771fb5db52c6,100,2518.25,25.1825,0.19,100,199031
0x2f0d360d090e6cbdb0116b26a492399c226741cd,100,12071.03,120.7103,0.32,100,559091
0xc422aa00586cee0c8c07fcb111e0a24dda8d0b8b,100,411.17,4.1117,0.38,27,32758
0x8e5df9d06d0016c5ff30d4bec106175b741b49d2,100,20.76,0.2076,0.16,55,22455
0xc3a9361fad020f64fcda16e887066cd50f069d4a,100,3.65,0.0365,0.25,42,54779
0x9a3edbbdfd5ae0e7bf1f5dd32628c5eb85f4f1b8,100,451.01,4.5101,0.36,25,83243
0xbf088d054c7ccf4d37034bea40c7ef0322e8c2f2,100,754.4,7.544,0.48,22,127309
0x992b1fdb7d19bd69bcc2688e08e76e11be51e3d4,51,90.91,1.7825,0.51,13,46633
0xf322f2ad164e37ec4b9b6bfe50061133acee7643,100,564.26,5.6426,0.43,100,258598
0x441e00f11853a1fa4e3398ab07b29c274a0e68d2,100,79.41,0.7941,0.21,20,144230
0x32e079272438295a173f053190fe29250a1f2052,100,1099.5,10.995,0.35,21,101539
0xe4a4f537e800b25dead42069b4df973c630bdf0a,100,4.29,0.0429,0.34,66,38283
0xe08efa853ace0a4dc6c469b8bebfc8793b2e3e14,45,66.58,1.4795,0.49,11,33376
0x36c88d0fbe990a6e5042b378a860909a05749f22,100,416.52,4.1652,0.47,55,116219
0xdb5cc2b34981712d6f0db608858093f40c6cb3b7,100,732.59,7.3259,0.32,7,238433
0x4b4df17f4c49fc162cde6f730fd17df53b814850,100,155.03,1.5503,0.37,13,60556
0x7c2a560fe5de9e53ba0f24a3072c7d7c3f5b0b36,100,659.67,6.5967,0.25,100,356296
0x78c6170767a71b4a7d48c1aad7212ce610aae10d,100,19.21,0.1921,0.16,37,85433
0x4c6a29f1968eafc8768e17294d87db2a586154a9,100,52.34,0.5234,0.18,100,64798
0xda0440148160f0d4c6d7434ca1cc474f8af7eb2f,100,1100.01,11.0001,0.36,100,138421
0xcdf73290cb271fc6b5aa3723eae9a0086baaa50f,100,2157.59,21.5759,0.31,44,532238
0xec43615600439ebe946474964e4acd42caf96f20,100,129.57,1.2957,0.23,97,20862
0xbca646f6c0c20940e1f347bc5aac3b959d0ae9c9,100,805.3,8.053,0.62,100,174772
0x4d7318f05f67a33439a00b34da28f94444a1fe7b,100,43.21,0.4321,0.19,47,124196
0x318e5b0a783f3affd627329cfdae69042ce6f9f1,100,149.35,1.4935,0.25,13,61287
0x88e6e71e148ae2df1e16b6cdd96baa944bf69d49,100,200.94,2.0094,0.36,12,264174
0xb9c2a20eb330a9fa21ca8066f17cde63303cf451,62,59.49,0.9595,0.21,4,25024
0x2f59714ee6c4e0a44c80a4a92ad6ea58a4a78ef9,100,84.57,0.8457,0.17,17,66419
0xe98450910c2601ac6528c16eb4693b72bb3248c9,100,1167.71,11.6771,0.25,100,133628
0x483bd5207b09e420fc9256f676ac40307f3fb30b,100,323.71,3.2371,0.29,44,265206
0xae58db322be15464c1831b29540e42264cff2b23,100,1625.94,16.2594,0.59,100,49337
0x8a2b585e880c0d5660d2243f2ac7bfc498938b3f,93,1401.32,15.068,0.22,18,112477
0xe5bad21e7f88e5d5b9120b21abe8a6965572d112,100,2259.06,22.5906,0.3,100,70743
0xa9dc22baf6c614e3ed1ab23a2ce9c21a70d220ca,100,469.43,4.6943,0.2,46,137822
0xc177b080ccb34848dd9c3747774271fdb8020f33,100,70.14,0.7014,0.3,100,35971
0x9c491080c59f023feb8e2b134d616d86d95e5a5e,100,4.09,0.0409,0.24,100,21816
0xb6c75180279b67810eeb45e608f5de83d93393ab,100,65.95,0.6595,0.29,93,356072
0xd42b99276ac2ac770441c9ff7d7b6fd2053ebee5,100,500.89,5.0089,0.29,78,316717
0x044728d12141b64ac8b7914a326227c7f0c6260e,100,2265.46,22.6546,0.35,100,144465
0xee9e949829ca987feecf90381050fdf43c6fdbd6,100,2025.53,20.2553,0.36,48,58266
0x749df4a588b5e13018fc25c76c7256b8a539a789,100,336.53,3.3653,0.31,38,42485
0x5922c2b5f1561c97efbb241d6ca0ecadf55c4cba,100,7861.54,78.6154,0.33,11,163595
0xdd4f66125defd0265f806a0ccfd0ee63e2bb4f02,100,20.28,0.2028,0.76,100,124655
0xb68d060f3c6c6bec23910efaed3c4c1ec0b8a533,100,51.85,0.5185,0.31,16,28524
0xe594e20208cebd3e3219c456e0651d7da95b15fe,100,28.52,0.2852,0.16,52,40944
0xbfc8d5b32a6876f4ac3e42fc6d93781af484590e,100,217.06,2.1706,0.43,1,72497
0x8a2ad2c3d9cb27a17f46591d96d488ad9a45cd49,100,371.21,3.7121,0.23,100,253974
0x8ac7a933b18063ad47951a4787ade023dab1417d,81,99.65,1.2302,0.26,71,120787
0x52cc89b8771de74322775d9519897ed3a11cc552,100,88.83,0.8883,0.3,100,25459
0xe3d7bb7ac1c5ab8ba7f4df39eeb268a204fa9e28,100,188.49,1.8849,0.47,24,47275
0x389e01794a4e40b5afdf4d7065bcdd9d0831cfdf,100,551.34,5.5134,0.41,35,133151
0xd5ba6eee975fa0947e4201f13659f704067c2c14,100,1.53,0.0153,0.16,2,69793
0xd017810555958b86e8d898ba6282415156ba0b75,100,453.7,4.537,0.54,100,45105
0xd546fca46b5219d8f7b6c2fa9ca722944deb30bd,100,4653.95,46.5395,0.42,100,308168
0x736fbf35964693f9325417ff281d1a3c9044b213,100,17.59,0.1759,0.29,16,124842
0xf46265a9acf0c5d333e0dfd39ce7146eb8db2241,100,89.68,0.8968,0.4,100,26267
0x2f79e7993359e37091f8298c9706c75243da65a5,100,721.6,7.216,0.24,100,105347
0xc22db2c04e054786426671cec0b766c07304fb20,100,15.36,0.1536,0.37,100,25530
0x8afe8f0b3486bbf3a0b6c785d87d9b972bd22f1d,100,16.53,0.1653,0.21,14,25048
0x31888d0b8d1e44f020c3a569ccade71cf1e621c1,100,3956.14,39.5614,0.38,5,292862
0x2b5fe21242c468733a15002b3b8e97e1c83aff28,100,1422.87,14.2287,0.3,52,775453
0xa371f994981b5ab257880396296b5bdbfb2eebe3,100,251.36,2.5136,0.21,15,33982
0x86eb8e343ee2a6433953fd44f086974f922bcf98,100,1479.88,14.7988,0.42,75,111075
0x607dcb9ea24e04238319ed3590b23a9efd7d870e,100,2909.07,29.0907,0.2,65,918174
0xd6dafb318dc7049ebf20476509d0e65ea2c2185c,93,20.61,0.2217,0.25,93,31075
0x26e8db3dec31bf0c685b6e310828a4f41fe28c54,100,525.74,5.2574,0.26,100,876792
0x6a1942f6a6808a156f11b8f0d173fe3065cdd87d,100,587.46,5.8746,0.21,17,108576
0x2ff2944a3bbf6e79848facaeddb2d986773dfaed,100,312.18,3.1218,0.28,100,27905
0x2be81c3c28820ad7e97aee68c3dcff55f89cde2b,100,5299.77,52.9977,0.51,100,552846
0x43ffa50382866b166e08fe320bdc433faaefe6e6,100,78.86,0.7886,0.34,100,69439
0xe52608ed87b064f299d2bf1fbd67d28598a293fe,100,992.1,9.921,0.33,100,105550
0x7f604c76d88cfa51b4b12d1cc1e05948029f554c,74,104.39,1.4107,0.27,12,48567
0xf151670b3fb209c9ba222dc1e60cae1325000aff,100,213.28,2.1328,0.24,48,266194
0x6628f829994f1756257e6c2468dabd675a530a1d,100,1143.61,11.4361,0.49,100,26500
0xbcd6269d0eb1378b655d7f3141bed887a27396e1,100,8.99,0.0899,0.34,100,63289
0x2a2935ebc6f5fd145bb07fee34250fd4ba098973,100,321.3,3.213,0.2,47,677167
0x7f506b3cbca1cd701d203e51fbd5652985be7a0f,100,26.92,0.2692,0.36,100,23864
0x6078b8998fb93da7a9e1921ed1187327ba848228,100,110.21,1.1021,0.26,19,101740
0xb30549523a0ecf9cc86d4ca1cb9cb2add0de6107,92,38.58,0.4193,0.27,67,129750
0x554a54c84d8a154d0f1d65a3fecafaff9de774cd,100,817.33,8.1733,0.49,27,225278
0xd5fad83c61449ea19c099d104059374a9593031f,100,35.45,0.3545,0.17,100,74487
0x16b259c28ad8318da301bec5c88c80b5d4c483b8,33,17.15,0.5198,0.3,33,21008
0xecd5a060bd398e6c35ef1a47093e5055e86ac421,100,65.52,0.6552,0.2,100,133999
0x229fb141ae25ded8733f2aaa7d446d02fbf2be49,100,101.22,1.0122,0.43,100,26369
0xfed7a37780dc926bcf52c7fac6ef4baae88bdf0a,45,33.39,0.7419,0.16,25,21636
0xdbbdee771e62ab57894e8b8bdefbe094d3135ddd,100,1229.88,12.2988,0.17,100,1242059
0x5237378259c07fd73520623d8481154d05ede573,100,37.96,0.3796,0.28,31,100344
0x556a11ffd26ee77f9318003fa33fc6b4914c7e28,100,6.37,0.0637,0.37,10,49786
0x782f8cdb81124e0dea7506f2ecf0efa1c51421b1,100,6371.31,63.7131,0.29,98,406642
0x61bec5cc92e427e32e1b1c3124077b5a7a1b1843,100,950.42,9.5042,0.27,53,168626
0x8fcdbabb103ab1bf20930d945e963f1a40fcf4ac,100,1048.9,10.489,0.31,100,986862
0x9c57600ff773cb18ef27fcc1be033d8134fc9210,100,65.53,0.6553,0.3,4,139307
0xfe8bc10dff0db300f17b7b41efee5c37a0988950,100,106.34,1.0634,0.21,23,62774
0x98290409f4d70fdd3353b190700173e49deede65,100,148.53,1.4853,0.37,18,53924
0x121d405edfc642958a34a878bae63263001e7bae,100,296.99,2.9699,0.19,33,59310
0xabb3dec39bacf1f2d346329dbeef6d96c5db50f6,100,69.71,0.6971,0.51,37,87505
0x0d975ea58d5a8c2cb28c868972772fdc3e94d961,100,536.02,5.3602,0.34,51,206856
0x4fa1d256240468bc6c81cb03e03b360c21fa921d,100,218.7,2.187,0.16,4,90899
0xa6a34f0bf2ccea9a1ddf9e9a973f17c498dc5e40,100,2242.08,22.4208,1.0,100,70355
0x278c6a51c509d213b3772fbe09264c1c18da81f9,100,1099.64,10.9964,0.48,100,82857
0xb108778052a7dc63dbc6ef6473a69bd3a2da0394,100,323.25,3.2325,0.38,100,30602
0x833b99b27dac651d02080f5e220e929df891db06,100,46967.62,469.6762,0.41,100,1862140
0x6a3ea4ac7626423a70ef602a91aab51f8a38398d,100,2754.59,27.5459,0.24,100,223418
0x1065f66000e4813265473b8df475236250c84a7e,100,598.56,5.9856,0.51,100,40519
0x8ddf6b1b4baa5545cee45e97f20bad0295531090,100,514.3,5.143,0.7,100,48005
0x72aecb45cb98057e7ed9cedc3ef8ab1e948659bb,100,24.48,0.2448,0.3,15,20637
0x464ef82ba24966787c266d20caf21846b4fca6ae,100,150.32,1.5032,0.51,65,163813
0xa4b2098236060740898fba04b2738c4614377d82,100,2052.11,20.5211,0.18,12,177813
0xa800d14387fc65b2c97b6e6e7168b1dbdd586208,100,905.01,9.0501,0.7,57,33767
0x2f544cc3e455c56551e363994547b580cdf4000c,100,837.82,8.3782,0.44,100,347370
0x0f96c6e0bb95cb14fe6bb86710d7f0b942c661d3,100,2740.31,27.4031,0.45,100,176095
0xb4e4293ab9a4ef957e6f95d5a1d474a2bf4e6a54,100,7215.08,72.1508,0.5,100,1935377
0x6a1b2d53ce2e5907dc4049f66bb2e8fca88493dc,100,512.59,5.1259,0.3,100,161515
0x99d62f8af0d2a22917b61a310322a829b4e4352f,100,499.14,4.9914,0.62,100,138660
0x4526d52484a2a89d6e734562a01835b1e59d18a3,100,245.48,2.4548,0.32,100,117989
0x91d26033579e07df92e43af5d7d24904724a8ae8,100,917.25,9.1725,0.29,100,58751
0x114051ef0bd4f97deeec7b79a756d7115eee0fd5,64,19.25,0.3007,0.45,10,53362
0xb2031210cf8cefcf3869bbf6af8c153a517bc230,100,40.89,0.4089,0.26,100,103111
0x925c7d3edce9028f934e84b881ebaeb56c74ed87,100,2703.01,27.0301,0.46,100,1177326
0xad6e7063ade23e8f9f4dde8ca926a9188919a4a3,100,1715.78,17.1578,0.6,100,759129
0xe447f8cd8805ab945572022d3e452bbe8b442738,100,255.32,2.5532,0.2,42,75271
0x35b9e76674e261be09cf61d5439ab98660f06456,100,23.95,0.2395,0.3,100,98814
0x126db729b47dd5e2fd34565e8d5a4e696b36b3a8,100,1214.22,12.1422,0.64,100,336115
0xaf2141312b70a45fd569962a48cb1cd20ee1f995,100,401.93,4.0193,0.39,2,27275
0xbcd1f59e9fe9699724c524dfbe053c7f0e7079a1,100,1295.12,12.9512,0.16,16,102127
0x097d117dd83b492efa1f0133e0cb110fcbd9bcf4,100,281.03,2.8103,0.39,100,69377
0x67ab0e9e3bde49bab8feb9465b9dbc9ff4603ba6,100,355.37,3.5537,0.36,100,97322
0xc50c4c44799d69c2385f464ddc4a0c58fbbd39c4,100,389.36,3.8936,0.28,13,47695
0xbbaca6b947583a4d2c6597c301df524d7214c6c7,100,10.01,0.1001,0.27,16,33125
0x30b4cafb4a0a84f0d53c05e7942c4ae4a5a3961a,100,4468.09,44.6809,1.0,7,424241
0xd62d276dc907174a3c67558ffd2d06c7d06af002,100,261.91,2.6191,0.6,100,112595
0x56e1ed65b538802759a582382625d251512f5dec,78,75.81,0.9719,0.37,13,24174
0x4faf0ba2e027d714194fd612b71c60d680852322,100,472.01,4.7201,0.17,100,602437
0x7e8d4857732aef8c650e8e9c6f82c4618b60b60a,100,213.72,2.1372,0.27,77,61344
0x1b11b544fa42e1709599606bcaa0928fc8b21c06,100,495.88,4.9588,0.46,100,277737
0xc0572bdc47b70fd0c1a69ce78d1abecbcc507345,82,421.27,5.1374,0.24,10,103194
0x07350250408c0d9f5c08900adb15705d8e8bcfc0,100,747.83,7.4783,0.37,29,126356
0xeec0edcd7ddc1071c7e262ac355e979c35a124d3,100,192.46,1.9246,0.17,50,62228
0x4ba80c235b537573696166bdc01d78176bc2beec,100,1655.88,16.5588,0.22,100,65488
0x900c5f92bd0291f935bb3a9fc6643b0cde8dc133,100,6.39,0.0639,0.21,100,142627
0x40ba26a7eabf9f2c40ff5f04c58b882fc0dbfe2d,100,41.86,0.4186,0.28,100,145209
0x773774e1d8a220f11925742576e877708a065289,100,266.91,2.6691,0.29,13,34232
0x51ac314f7da108bd0599fce4efb0f93b43f60271,100,38.72,0.3872,0.36,100,113901
0xdf33b2896618731c9ef0ec1b3f460c03dc123b3e,100,153.41,1.5341,0.35,100,82267
0xadbce2b5552c7da805af6381908cb86dc4cb1c62,100,1343.88,13.4388,0.65,73,645947
0x61c4a9107de33e75ed6fe29550ae2cc29ced2264,100,2814.51,28.1451,0.36,100,169269
0xd10e83232711d394dc9c380cdcc3805c3945b8e1,100,183.99,1.8399,0.39,87,105291
0xdf4b646e3ca7044db89b722f5e958b04a508a2f5,33,63.34,1.9193,0.42,33,51229
0xc5ba14d33b352090f699c82d0a1d0e8fe5a0679b,100,3809.18,38.0918,0.58,100,1202663
0x25407ac76f6d0498d4b606b8e014378522e2d14c,52,212.37,4.084,0.42,20,73926
0x27877697d127207cfd9f88d286d95fb09b90d29b,66,60.66,0.9191,0.15,22,47904
0x129de4c0746d75346efacc5828fca849d4e964ec,100,12.37,0.1237,0.18,100,42463
0xe7daa3da00a9a1c58a1c2730772f9642a314e654,100,508.27,5.0827,0.46,37,86476
0xf6695567c82db6e2faef7707e6cf3025183b1cad,100,77.21,0.7721,0.19,33,117957
0xbab30e1a492b5a6936416653796e0bd7fe7d1e2d,100,1979.61,19.7961,0.31,100,237367
0x50094f0f77798c6aac2ca707dc125edf9a180a14,100,816.74,8.1674,0.42,100,65689
0x51af947d1374f48862de02489a03514b01edfdcc,100,887.3,8.873,0.26,48,253912
0x95605c7c7a9e3c21565c93ef207aa8b539afad9e,100,111.6,1.116,0.19,28,30324
0xafc55c4617f7cccf05d530a6b5f1bc0f74248bfb,100,482.83,4.8283,0.18,35,100401
0xd42aa370fcd06c683b7154ffa799a8e00ac0121e,100,4054.93,40.5493,0.71,100,150918
0xa3975071a8f6412c8847edb3c5d961d0f9aac591,100,66.42,0.6642,0.35,64,303339
0xdb889e43d9305f16f6000b74feb14e76e8b830d4,100,754.96,7.5496,0.26,20,243917
0x66a584b7a23eca739e69065711a2d64a75b942e5,100,1321.43,13.2143,0.34,100,80746
0x148e27814bd8616fd00e84f83869f535a6c433dd,100,928.63,9.2863,0.3,100,315993
0xb15617cc71ece317e24360fc3b5643c6f5f51733,100,69.62,0.6962,0.19,100,92316
0x6b43e602875e88115b8704a6f3971a66c147cdb2,100,25.02,0.2502,0.39,82,47152
0xd83894c405331ff5a9c88279a181cf03e54d2e14,51,321.59,6.3057,0.39,30,73701
0x363104cf2e5427b932f2f0b9225b1be85fc720f9,100,277.54,2.7754,0.55,100,305524
0x200503c85340bf908f7100e025003fb6cd566c02,100,396.97,3.9697,0.26,100,606329
0x4bb3f963183bf696b691feb21efd5d703a8020b4,100,1460.5,14.605,0.34,100,944194
0x1576e5438dc297d1923f142f1ef95b137bc8fe8a,100,187.38,1.8738,0.23,24,63549
0x0d813f37fd6a501949b9c9beb90d890e02b7b7e2,100,277.48,2.7748,0.36,29,31267
0x722ea6c82c711059866bcbc981428ef4bb549a51,100,121.39,1.2139,0.25,88,64386
0x76ef1ae71b2f14906eae9e981332d166107dda4d,37,87.97,2.3775,0.27,37,28987
0xbf340a65728003d218c94da8f40eec855e7ac0b7,100,434.39,4.3439,0.47,19,93894
0x76f0e67775b03e207e9ec2848a0bbfce81f66fc9,100,55.73,0.5573,0.26,38,167059
0x91df37b6f577176d379679f6fd1594d0b78eb056,100,2341.0,23.41,0.21,83,160029
0xd8c755ad83be7608a922e77451e281c9b6365df6,100,2195.41,21.9541,0.25,25,530836
0x93fbef10ea68703b11cefdbd4d9bab5aa42b7c91,59,92.21,1.5628,0.47,40,24149
0xf15e2997287a910f01421c10173b63e65e660651,100,87.89,0.8789,0.37,55,21265
0xa105930c38a97db8a33765f0614c0314fff9c274,100,275.81,2.7581,0.42,26,70493
0xe2c8daf6aaec19261320b489a1cab4ed644fc1fa,100,514.8,5.148,0.4,59,112290
0x6f7c886f3625790da1610fc70f6a331e89eaccb1,100,4691.99,46.9199,0.6,76,252251
0x72f6f89f3b669fb3b150ae1338630e0761d3ad6f,100,247.17,2.4717,0.18,100,92228
0xc9eda248d3ec8aed42326c87b7ebef8ee6620b1c,100,203.12,2.0312,0.28,53,75056
0x0c90718837cafc06602223b4ea70ae8701064a0a,100,412.26,4.1226,0.4,13,85346
0x7ec385cb10424d80521cc79e51a0bcc4d4278c6c,100,722.65,7.2265,0.16,100,354723
0x5e5f1d85c8f2920143a5d0edc00150a9ed5cd376,100,324.15,3.2415,0.19,50,65786
0x5721f37f892dcdfa668f92e0871dcdecdc83e41d,100,785.26,7.8526,0.49,95,740917
0x64e9e8f7285da423197961b9a66e44f226fc1faf,100,315.04,3.1504,0.28,24,100120
0x966c5496e978621b24db1177187ff1f9a02f4b9f,100,29.04,0.2904,0.38,73,30444
0x5dcd2b947720e58f57bf88d3ea30c2ea820898b4,100,218.14,2.1814,0.19,33,54955
0x726510fb5b838dde01a72a0522855118a1ef1b49,100,241.42,2.4142,0.3,100,103429
0xdb599c4458abca79a2d3694a58433acc5038f51a,100,396.95,3.9695,0.3,100,597448
0xf8993307bd43630e6953261bf25bd453925866c3,100,184.99,1.8499,0.16,36,44550
0x853a9dbbd0055d48f07af24f167ae6eadffdbade,100,2389.82,23.8982,0.24,41,271511
0x7ba095a63bb2eec49e77f9d1a25f82f497ca1837,100,36.79,0.3679,0.31,23,55385
0xbff3b111251518a1b0aee8a6ac984b4d2c46f73a,100,1412.64,14.1264,0.49,71,540889
0x76fe081d8ef339c381d3b1a87fe8161be6b77777,100,511.25,5.1125,0.54,100,49727
0xd70d00edef14e7e7333c12b2d7764a10a4874250,100,79.37,0.7937,0.32,100,56624
0x498a4cbf126f24e0a64ab64fa4ccf29c818f153a,100,87.68,0.8768,0.28,14,63717
0xb213353d429c0d70751c7b48cdbe86a45757246f,58,450.15,7.7612,0.47,58,103912
0xd6f4eb53c2c9fd12f440ec5b9d44205eda1d7b8e,100,1099.56,10.9956,0.29,100,247126
0x6a163036a6c1d0b03eb869074e00516e5532bcb1,100,120.12,1.2012,0.32,99,37115
0x91585e0aa32d7430a3babfd4fe9c00d2b60eaf48,100,1031.77,10.3177,0.38,100,873820
0xfe16580135f2f74ef7ecd2a22420adfa907bc7be,100,1054.14,10.5414,0.3,100,210424
0x636ccdd38dfbfdf18efa63c72eccc5da300c46e4,100,87.62,0.8762,0.41,18,76308
0x6e686f38832162f23948226eb8f79640f9505cfb,100,3724.52,37.2452,0.64,79,1240486
0x600b3e7fb4f65236a31e3fbaf40f827c0c806b84,100,205.18,2.0518,0.6,71,96615
0x2275dda2ecc0643a35a90752e15a9eaacf6d836a,100,52.35,0.5235,0.29,100,1043529
0x352c064eccdc169a1719a40480d170b410998b69,100,162.82,1.6282,0.36,22,56948
0xa8d905f82b1c8351c815032a163fff2ca9727fe8,100,5955.08,59.5508,0.24,18,626434
0x53bfd162c558f54446dd78ad86ff1450e47bc6a5,100,8902.56,89.0256,0.23,61,190907
0x7946632863fbb0a914b3c0e5f74e1c3c98ca64df,100,17.8,0.178,0.24,19,32876
0x755695140dc83b7001638de76b7f1d4771e25f26,100,224.9,2.249,0.28,100,627916
0x443e3f1dc54035274feaf90ab9852b3f3ba8ea3e,100,247.11,2.4711,0.51,100,283622
0x937950c65d4c1ae0c5dc91814838f3a2bcccb6fc,100,200.34,2.0034,0.38,34,167086
0x4f6f5df248a5d6ecd97a89df2aff450f100ecb9b,100,9.39,0.0939,0.48,100,68931
0x6f4a420bc13a4b14a8e94e946e3c203218e85f9c,100,20.91,0.2091,0.28,58,55194
0x42955fe8f96ea7e2a566af38647b8b24d60bc322,100,52.12,0.5212,0.2,18,44217
0x47e6bf84edfe123317c81144a22bf1a548fa19ce,100,381.36,3.8136,0.35,21,86295
0x7b620fb3e862af010cae9a41b1a5cc8082648e66,100,91.44,0.9144,0.16,23,30058
0xf86aff1428030020d32e69d769f14fac7bc12513,100,635.45,6.3545,0.37,100,362625
0x3b573be239ce20856167df116167a0ad995444f4,100,220.24,2.2024,0.44,100,324303
0x5486c57efb3233238fb3057b7dd964c33b3be349,100,355.88,3.5588,0.2,72,46607
0x0c51fe7923bee4c22a84c5b4109e0c5336d8fde2,100,1513.68,15.1368,0.2,100,369463
0x8ddc8f7e95cae4217002e53ec30a34beb3d7423f,100,2807.46,28.0746,0.27,46,324531
0x409872846d952c4790f4ce9501af8f3413312394,100,23.54,0.2354,0.26,17,37673
0x79658c4ec5ce72f4369ca4d9c960f14382975b33,100,40.59,0.4059,0.29,19,46704
0xcf1b132b37ec883a86977b6de05490ec87e43db2,100,192.27,1.9227,0.54,64,102959
0x26abec9dc548938b1d3391490f57352c0e207116,100,1122.83,11.2283,0.33,100,40118
0x001d31846d08c23177011c6a523ed5b75823533e,100,36659.34,366.5934,0.25,20,185112
0xbbf171eefa38cc3212941cadbd043c3cb806093d,73,1.28,0.0175,0.18,34,25902
0xb6c333f8c5bc073df54988f9f8835707ed3b89af,100,10.29,0.1029,0.32,47,26710
0x58a6d81a16809ed5e34e4ea530ee7cfdf96c0734,100,320.98,3.2098,0.19,58,44018
0x186bd60746c631283d23d28522498ad30af25361,100,185.18,1.8518,0.35,65,26899
0x9ead211a97d1112255e26fcbb9cb603f46a08bde,100,22.6,0.226,0.25,77,30426
0xf62dd11c3d1a184f944072379ca5fb5616dc5e2d,100,5346.7,53.467,0.2,12,777033
0xaa446e32b8c1f1bb82e6a548c6baf54654ebe911,100,2022.01,20.2201,0.55,100,182310
0x0aac6955688dc1cd3cafd52ebcade334fb1c9c3b,100,871.34,8.7134,0.36,100,74278
0x8f71c747bd9285ad7a91b5b69f162ae7f71c83b8,100,68.34,0.6834,0.22,87,56505
0x15eb5884f64693d13a6e3b0e29b07d3bc37f403f,100,414.13,4.1413,0.4,31,128546
0x6f09f36dc0059cacab1df55a5c23bd1acfb099c9,68,25.36,0.3729,0.19,14,49416
0x3a21e2dc64bfb2fafe51c7b5e9181389b311fd6a,100,549.84,5.4984,0.23,65,37816
0x92b3e116641b69c69ba96d779577884809994d64,100,2862.5,28.625,0.44,11,36934
0x0a9ae31839d05ebeced458a339a3ad7b5a138734,100,676.06,6.7606,0.28,100,799338
0x3e2f18e12fa3de657ce80e603ebd120443d77523,91,63.86,0.7018,0.19,43,25299
0xab75bad3cddabc8348cea1be6bdd728b4b2b0393,100,69.93,0.6993,0.18,100,60239
0xcdd0f260050cc53f6e0ebbb11865ff6aeebf2fca,100,170.45,1.7045,0.3,38,30923
0x72952e155659818d9e0c5c0518ea1aab8344aee7,100,1081.7,10.817,0.25,100,223428
0xeb88304ce852b7b5127f91ef4262f9af651c7884,45,144.25,3.2056,0.47,9,27186
0x32323e8977bb06f8b6364aabb957b0e4334a7a0e,100,201.49,2.0149,0.22,18,270575
0x903f6483376a3e125fc93aaa3200dfbf490618c6,100,1045.34,10.4534,0.41,88,108573
0x42cb3c0bba4785637cf30d99f552d6b189473e00,100,98.77,0.9877,0.44,100,37176
0x3550dd33e3e6af5cd76822526af8cac37ba1d865,100,6.53,0.0653,0.25,100,101138
0xb53a32a3547d9aabb0f56c3fd9604d2c7dea8bcc,100,3462.42,34.6242,0.31,28,190404
0x2a8600bbdaab254a2f8a8e00912799295c3dd601,100,154.05,1.5405,0.43,5,88774
0x545a960ca04580b647ee3935d3cf5cca08d55d71,100,6146.67,61.4667,0.25,18,172716
0x899ac9532bf14ba5d164dd11111653a94bf81649,100,14.82,0.1482,0.27,32,98225
0x2a82d937a12d28e75cdb45da9a2b1357d34d715a,100,9.63,0.0963,0.18,88,139249
0x73d38d824fb2a24d1d888da0e582a850cb34343b,100,5232.57,52.3257,0.31,100,222595
0x723afd5a9cad58f7f9224a20dbf5c6b9921988ef,100,1112.09,11.1209,0.24,100,153716
0x7976c1e5dbcdcb87d4a33a2f2168f59abe898fd1,100,430.03,4.3003,0.34,41,238546
0x0be73551e1cfa9d1afacea0efcd1eb316a62043c,100,2.01,0.0201,0.3,29,89846
0xb11e524f663f827a4d94dcac7bf348d17c7def0f,100,9.24,0.0924,0.32,34,54311
0xa78d41afba8e1c56b1823606e9672db16d71cd7f,100,723.22,7.2322,0.33,28,130551
0x2f9dec5ceba243e6ad0bd40522fec939efd77fea,82,66.8,0.8146,0.2,7,24356
0xa89ed00170093291ecadeba7c33435d4a14d9935,100,461.85,4.6185,0.34,100,114805
0xa2d35e418814a8b6367c66a5ac2fec8ea16332b2,100,12.43,0.1243,0.31,49,52849
0xfc1c859a5e097468e29104dd34f9a4e00960aa35,100,140.52,1.4052,0.42,100,123716
0x45896e76cdef370bf31d0247f3f36046bef5a2a3,100,1159.34,11.5934,0.39,100,124316
0xe071f9f8ea69eaf2e28c7cc82ab4f545ed5a45fb,100,827.57,8.2757,0.26,100,336476
0x7a67b55bf2f4292b59cdfab991de82930be364e7,69,121.96,1.7675,0.3,37,73154
0x204be15477f0652308d394bf04464e0eebcf83cc,100,976.13,9.7613,0.27,100,100315
0x7af6023089aac9c4a8adee1e0f82ada3b528df9d,100,1359.98,13.5998,0.31,15,158623
0x9124c743b03260dd64e899a86b11599dae514328,100,207.48,2.0748,0.19,48,64349
0x8c1dcfb8139bdb4eeef156d59a1ce3e2be0fb507,100,974.36,9.7436,0.51,100,682846
0x93d3f4e46359b21d4607c578c5aa5afcd6350cb9,100,149.73,1.4973,0.26,100,33844
0xdbe6ba15a06320a6c371c5f9706906bec8e8cbca,100,754.29,7.5429,0.38,100,221666
0x4c6eacc86bd4cee8f41cf257f054ca53b2cef8b3,100,2039.99,20.3999,0.25,21,515185
0x91bbc135f9b0a8571885d11950fe879184bac073,65,185.8,2.8585,0.2,21,40842
0x3f4dcc3cc643ab8376d9663296745363b8e1fb98,100,622.12,6.2212,0.27,37,344947
0x18940d23058b73fabf0b2c02025f5cbb4e5b64d2,100,2524.43,25.2443,0.39,100,277850
0x29f56201468c224b965b6e20d25281b696b0715b,62,48.18,0.7771,0.4,62,33955
0xd0f8ba3ae8bd9f13c548d42ab956b78f93e53a22,100,1524.68,15.2468,0.54,100,222071
0x3948fae08780a0a1567f6058a7d7464a01fd160d,100,16.81,0.1681,0.41,40,35625
0x25c1c9718d689f5543f90624a08b81fc28de0423,100,233.49,2.3349,0.34,17,37647
0x25983e2d36bbc0bc755a1cac678c24aae68dd0d0,100,942.37,9.4237,0.33,100,843272
0x498cc26241ea29de3c640d7128edb2f8e1e63bf4,100,1365.55,13.6555,0.33,35,328017
0x2870126093f5f4b9b6bcb28be959f5c1e11db4e4,100,108.12,1.0812,0.27,8,102174
0x8a820d3b050bafc0a1f3156706f28038aa292dce,100,8868.45,88.6845,0.35,86,912421
0xf259d849b283ae31c8417c815e588bcf4d19f4db,100,304.22,3.0422,0.22,91,177626
0xf1ab1d15acb0f262ced6938b8af23fc3ffcbc35f,100,271.32,2.7132,0.26,98,73823
0x9a32ca25c2768716ef1fd453b3b751d63859bece,100,5825.44,58.2544,0.44,50,735030
0x1331868cfcd24933e29b16cd7706ed9933ff9f9b,100,932.74,9.3274,0.45,65,49326
0xf6e6b9beeaccdaa620327d5a7517610dfac46dff,100,1352.71,13.5271,0.4,75,163123
0x85f6aaf54e9af97ef4b89999d89911bc74c246da,100,6576.95,65.7695,0.16,89,1355727
0xb274493cb324953c23488177c26b13b00e7a77a2,100,6983.57,69.8357,0.24,72,565700
0x5b5c7c8c8e2d80d0cb87ec116454aa757a95edf1,100,47.05,0.4705,0.28,30,40150
0x617dbf1a4a5e0917200c80461228a09e9df148cd,100,80.66,0.8066,0.25,100,83371
0x7a420aebedabd3b8f6c7a3e1df73924c71194bac,100,5543.85,55.4385,0.5,100,600716
0x5ac5b178beb5b4eaeaaa572ab5b5685f491ff9dd,100,6890.48,68.9048,0.55,100,916251
0x4cb15fce3a5c7490261ca65c9c1daf1d0245cf36,100,68.91,0.6891,0.21,40,39484
0xbd6dfd25112dc2877dde10ab2ccc039de837007b,71,1227.5,17.2887,0.32,57,306190
0xf540119f733841b96ffae0271d32e3fdec8bb2ce,70,408.31,5.8329,0.27,44,248618
0xfb1af79c5163ca0062f733a5184c831a8444e796,100,10.19,0.1019,0.23,94,21341
0x4636ecc17c4a3a92bbd02ae6b99d1d2345c55718,85,25.55,0.3006,0.24,50,54161
0x3e3fd89407f8cdc9037c01815df376a7511e10f0,100,98.0,0.98,0.34,29,75974
0x6d3e12f41f4652707008f8a561b4077de3fff97d,100,63.71,0.6371,0.31,8,56123
0x7c84d1b9333557057315e0d2ca90d676b8bd0895,100,469.26,4.6926,0.25,30,62072
0x5ec32d8ff126b7a666edb5f78eb1d98dd7e18acf,65,153.51,2.3617,0.29,65,32862
0x4073d6343f9658dfaa765a0f17fc7e23e38f7a0e,100,1765.28,17.6528,0.44,37,35918
0x48d683f6bc178285e3e9bfa92f93dec7d502c552,100,177.94,1.7794,0.28,20,53867
0xb88b497cc0f685a15e692cdb951016b77dd2a0b7,100,40.8,0.408,0.28,12,24031
0xf73789ff0a197748b805ac3b3c23c78ce2fb4e90,86,297.65,3.461,0.15,7,199521
0x67b47780c69c470cfad12523cedcbc5bcd62149e,91,1664.04,18.2862,0.41,89,173718
0x504fb452007a7fcc32516e9f5914209412613e78,100,162.46,1.6246,0.35,16,23485
