wallet,score,total_pnl,profit_factor,trades,timespan_hours,symbol_count
0xc0b2a1ce425d0cd8bc321c445fa6ae0eaed2e688,2096.675,51512.46,697.75,503,648.06,21
0xee9e949829ca987feecf90381050fdf43c6fdbd6,1192.097,2284.33,398.02,86,281.22,5
0x0aac6955688dc1cd3cafd52ebcade334fb1c9c3b,1002.729,263730.82,333.05,7659,1888.88,8
0xf46265a9acf0c5d333e0dfd39ce7146eb8db2241,673.877,1866.82,225.03,675,644.01,14
0xb1f2c0363f48149f35d88a3654b54531d349f858,524.51,231.34,175.36,119,375.74,4
0x1ca4d75d24dcd969ad9c8ad455c76ab8241fdf63,505.705,996.52,168.87,1511,1143.15,8
0x9d05ad2a1cdb117d9063c0a5218bea5bddcd9994,420.133,201.0,140.55,1002,330.31,2
0x40847f950a979956e5d42236843ba7e73f27c01f,341.455,394.93,114.67,54,438.5,2
0x8a820d3b050bafc0a1f3156706f28038aa292dce,269.945,12191.6,90.18,205,359.41,3
0xd8bc6f3ff98063ad356b1097f57bbe480e48a2a1,202.336,73.56,67.88,76,727.69,2
0xd87617659957f4d9cea85e9db85b2f1de677646a,137.856,2000475.61,45.35,17240,2277.95,30
0x37283486c96d2b9690cb9296292e6e354ceffb4b,97.505,19330.91,32.09,363,431.92,7
0x38bf9995e2ccb202c19e4406d2962dbc76904b77,80.206,1387.87,27.82,199,196.71,2
0xc078ab571a5c58a5d3adb560fb94abc9da3dfd60,79.261,53386.22,27.0,16350,508.66,6
0xfd81b27d9796a1ba7d7171ea70010c9befb2a62a,64.937,106771.04,20.53,4491,1685.55,21
0xae58db322be15464c1831b29540e42264cff2b23,64.412,72798.72,20.28,3580,1354.92,8
0x782f8cdb81124e0dea7506f2ecf0efa1c51421b1,50.113,15995.39,16.98,1063,1279.54,7
0x389e01794a4e40b5afdf4d7065bcdd9d0831cfdf,49.821,2260.98,16.97,221,1749.6,2
0xab350451b1e2538ccb7b9c6617f44d9ebc5ce3c3,39.162,752.17,13.86,84,57.2,4
0x545d57c7fe4866d435b021a94382577f2959e961,38.968,25969.4,13.69,22258,1287.1,23
0xa105930c38a97db8a33765f0614c0314fff9c274,31.61,156.0,11.21,67,296.85,1
0x891140a93bef082312952b48479a853e90952fc2,31.155,69285.51,9.41,773,935.14,18
0x833b99b27dac651d02080f5e220e929df891db06,27.925,2810548.58,8.18,14000,2533.12,9
0x45ea9ec54d4b9b75a1c3a03c9693799be698578b,26.878,16626.78,9.52,407,211.57,1
0xaf0966e3a6ab82cc1be3e1fb64880ae33efaedd4,25.423,504.93,9.16,294,871.48,2
0xb1ccdb4c28fe323ccf0ac7c801f5add732c0a7f8,22.443,45599.24,6.66,883,2304.39,22
0x1b5c2bbfd5f78f0201c7303c8301ba039c5ab2f4,22.138,7123.71,7.55,1154,4263.01,2
0x6f7bb2c586eef088572d3fe766552fe3ff685f22,21.246,775.13,9.47,1298,254.07,112
0x98d0e60828e17d1deba5b3924536909fe1387830,20.53,295154.65,6.49,18199,1286.35,22
0xc44cc6f8d3628c5ce6116745a0b177920ca01a81,20.247,148.24,8.75,240,1001.39,15
0xfe16580135f2f74ef7ecd2a22420adfa907bc7be,20.048,4856.62,7.12,805,2068.66,17
0x6f7c886f3625790da1610fc70f6a331e89eaccb1,19.043,5606.37,6.67,234,397.83,5
0xbc5cafd831501be517d3766cfca7638ccda41932,18.993,529.28,6.81,376,1867.63,7
0xf86aff1428030020d32e69d769f14fac7bc12513,18.094,3209.41,6.25,906,1021.5,6
0x4f6345e02187f1fbefefa14d84938477347f3953,17.933,392501.15,6.26,17890,1008.7,43
0x755695140dc83b7001638de76b7f1d4771e25f26,17.699,71899.69,4.74,2394,1492.51,14
0x8d56d30d58d1a2709befccea6642252bab6ed51e,17.236,98771.48,4.62,3896,3648.47,24
0xbae5e1fd212efdfae8a9ff44d5667c95f10f7902,16.899,234135.89,4.61,2225,1775.35,26
0xc6fb6956a1b9f1e1b43205f845b5ff529940586a,16.422,3104.87,5.84,2548,751.43,11
0x4fc185024bf30524a972531956a19496d327023c,15.841,670.86,6.48,114,889.37,3
0x1d3e2b1734853c99592e7e2279bd904c913ebc52,15.699,18712.81,5.43,981,608.44,3
0x6eb60edaff9516ee129d306d41f5450dbab5829d,15.594,358.99,5.94,491,442.6,10
0x897edf74f7ccc4a1b84154ea63a777ca5e53de99,15.33,119970.52,4.26,4934,1189.18,18
0x4da3f5a22c3f8b402ec21c6783c64a779dc5f205,15.13,217.42,5.63,276,1067.22,3
0x5769a040622d7380670d42b70b059d00cb98a4fc,13.34,270.93,5.04,139,287.29,8
0xa34be2b5349a9e1592dfa962b9fd8d08160e957e,13.188,6672.62,4.69,896,1499.6,4
0xbca5d375c4b17a4111925957ac9f75703603206d,13.12,1637.34,4.89,1770,662.74,12
0x2b79cc6239b8928d73e1d74267542123c6eda2a4,11.581,5239.76,4.85,1117,1817.82,37
0xcc33d2eedf3d33ff28b5662330bd3171de259b6d,11.014,111572.13,3.64,16432,11898.59,83
0x7385f8b5ab1303c8e476d371973db768f1a43bb4,9.852,465.78,4.12,66,898.95,6
0xb9a5b462c0b4f21b074757463c16ec3698a03b9d,9.764,66908.04,1.95,2948,3178.29,4
0x749df4a588b5e13018fc25c76c7256b8a539a789,9.758,405.63,5.81,114,694.15,7
0xc35bf47aca839e371eb70fc5d16a5b747ad4d8dd,9.511,287607.31,2.73,3552,2642.58,48
0xf94d1cfd380bbaa0d7ca33e00700e7e6be836ab1,9.053,5574.25,3.59,1414,1621.68,24
0x51af947d1374f48862de02489a03514b01edfdcc,8.729,5314.91,3.14,1846,4467.77,8
0x74191ce82d662db147539fa12a1b64e386376256,8.395,738.51,3.51,189,979.2,1
0x24603e9c30608f960ee9d82971d43ca3b76618b1,8.293,960.15,3.46,222,208.15,14
0x9a32ca25c2768716ef1fd453b3b751d63859bece,8.244,4621.15,3.2,85,356.78,3
0x3a1d11035cab6aa5339473e17163cfe8f5cc00b6,8.039,177.94,3.86,366,152.84,1
0x042c7da0c7d135a20fb9d0e3f56df970c66c2788,7.783,7498.94,3.64,2029,1464.19,58
0xbaa91d6651782949d024d3783172fd5c094cd8b6,7.691,42109.92,2.0,1913,1736.2,29
0x7a6d5fc57f6906f337c48fe2763c3a501304f79c,7.331,104039.27,2.53,11310,483.45,6
0x1c1855cc6a583948c5e6448eb71ba22062335eb8,7.079,736.5,2.99,526,489.01,10
0x44871d62caaeb8b91777be8aae0e23ee68b4c92d,7.039,264453.87,1.62,11456,848.32,1
0xf15e2997287a910f01421c10173b63e65e660651,7.01,371.45,3.0,616,1148.76,17
0x65250ffac3ff170f6e33c9123cf558e04013fa1a,6.906,126283.34,1.46,11432,2346.67,9
0xfbf4b6bfbe15db2ee1a6a22755808896e8d986a3,6.903,86930.36,2.19,6374,434.12,18
0xc450ac38becd7a0023b4e1ddb26524ca35789a13,6.708,10884.43,2.23,2665,1897.51,8
0x341dbdceb30e81bba62d05251d4165be372f98ac,6.69,3398.08,3.28,827,176.0,1
0xa7bc09ab239be430482fb4a0916225046f985781,6.432,36.5,3.19,110,1011.01,5
0xd13e59f40b2d7622656bbe29d625024b4572d90f,6.412,191.23,3.35,205,93.78,36
0x2cef0a7f84e722c77b271862da5fe2387028fa20,6.41,236274.61,1.62,25937,2424.47,22
0x5bdf9ca13a93dec338dea55b8b8786bb3d132d4b,6.296,502.99,2.7,163,138.91,1
0x42cb3c0bba4785637cf30d99f552d6b189473e00,6.245,3228.13,3.14,2553,3698.34,37
0xcdf73290cb271fc6b5aa3723eae9a0086baaa50f,6.139,37668.46,1.57,2082,3861.54,30
0xd42aa370fcd06c683b7154ffa799a8e00ac0121e,5.741,16975.47,1.94,1640,1855.81,13
0xe67f141977da22e5c34d15c19b35f180a1532715,5.732,58059.28,2.18,21313,941.46,22
0xc49cb6041c811017a63a2665dd3a4ff2a58cc109,5.685,20499.01,1.78,3768,1552.64,13
0x9fc9f94d0fd25363928a9edc4f49b99fd770389b,5.683,28405.78,1.75,3525,706.57,12
0x5461808abcf71724dc1114b9ded5f89d53cc0568,5.621,14831.78,1.95,8303,1744.29,3
0x56e1ed65b538802759a582382625d251512f5dec,5.428,82.33,2.99,77,1469.69,1
0xca230e816bdb34a46960c2f978a30a563d1ae9e0,5.381,115620.59,1.87,10882,429.32,2
0x506ded8b74abb81bb4e4faca1d4e36a2c65fddb9,5.294,20260.62,2.28,2003,1105.76,49
0x8213bdbd431ef5d5c532657038977677b6a111b3,5.003,1971.66,2.84,2351,360.63,33
0x9a8b924754308f876f865f409845bb2654c20f53,4.946,3215.77,2.38,298,793.52,5
0x6959fe71053a1cb646b5603634beea1ba65afae0,4.852,7549.36,2.14,7861,1552.58,5
0x7cb42a9fd91d7f2b506de9205254e41bede28439,4.732,79485.61,1.19,21895,3322.23,28
0xe2990ce029db870c805e90a1a8a1d8a1c52255d6,4.63,74492.74,3.25,14308,347.27,21
0x70240f913af26691d5efaaa7f0fa581f65be4b30,4.547,3641.84,2.94,602,113.89,3
0x083296ad99a25757c225dc606cb64b9f3ea103ed,4.503,1835.34,2.64,1371,2280.92,46
0x811f59abf9f115f34c34a85a3e894025dc15380b,4.463,2019.48,2.0,3406,3264.92,10
0x0696b8b7a68c1057576b2790848d63e7e95c451c,4.394,341.65,3.1,612,1217.08,89
0x7a33c9b8e411d49dde4cbc38201af37848eeb098,4.104,7916.57,2.36,348,469.93,1
0xa9b91ec3cd32ba4e5841b2bf6ec5d2c222e60243,4.088,50902.47,2.19,12519,347.63,2
0x122e43e5356d1e73b36f090b5116aecf29f6df80,4.068,389.06,2.36,1607,572.8,1
0x186bd60746c631283d23d28522498ad30af25361,4.02,161.35,2.49,117,352.61,28
0xe9b0f5794b008b927beb62e3ce1679f81aa80477,3.664,94912.15,1.28,34696,4116.44,58
0xa0fa36f97966496971b49dd0ce74f6b68d3f8f35,3.651,17305.11,1.44,7930,1743.0,11
0xe3d7bb7ac1c5ab8ba7f4df39eeb268a204fa9e28,3.628,692.9,1.69,671,4296.1,10
0xe377e2f11c745c294ad65686635217ec765059f2,3.619,29579.85,1.17,17153,2335.06,10
0x53830c75e22c9fcd864db07f59e81c659b325d84,3.603,2637.29,2.01,2864,1360.78,26
0x2d6485714417035d8932ce77031d6e48d8de3e7b,3.593,415.18,2.11,188,2068.82,10
0xb8e62505e8ec65da00e21637cd267caf3699c23c,3.516,112.48,2.07,165,735.1,5
0x2bdf5e97eb52a15e5582f40ff34fdb00496216af,3.463,3102.19,1.82,2934,854.4,16
0xe401ed3d1ffa970394a46c9cfc9a0f1d39142274,3.443,7134.59,1.29,3060,1565.53,3
0xd3fe5f9af28c260f946aca39464f6699a6285cc5,3.428,934.11,1.52,1706,1080.32,3
0x644492787dd077f59c42b7459c8bb5dcea6ee1f6,3.424,196.84,1.62,1023,1511.65,1
0xfc91d5c80859e754c755bfccea2ca406084f93f4,3.348,889.36,1.64,1502,379.74,10
0xaf9f722a676230cc44045efe26fe9a85801ca4fa,3.33,330983.52,1.38,13750,846.07,36
0x482954976e8778433e9446309e37b52648bd7404,3.31,3261.36,1.76,855,2260.28,28
0x3262eb301887933f28f45ecf2e3d8375e46a2f37,3.254,26624.68,1.48,15824,3775.32,36
0x28a950881cabca89900e59d354189b4860ca1b0e,3.25,129.91,1.98,353,278.99,3
0x3edffb87b876137096cffeb969fec24091e7e2bf,3.215,152.84,3.4,84,828.45,6
0x9af96ff34a471c4da3740067cb4f985a8c62c071,3.153,615.81,2.0,622,1148.16,43
0x91bbc135f9b0a8571885d11950fe879184bac073,3.075,200.1,2.83,67,380.54,11
0x70822cb3d038b637dd6c6338f3f1f83f805b2e2d,2.998,1700.67,2.25,242,318.99,9
0x266ddc516a8721e5418ce3911b0f531a62b66737,2.982,10174.1,1.78,892,1228.59,23
0x9f1920d0cbb63ed03376a1e09fd2851d601234c8,2.678,14102.54,1.2,8077,2014.66,18
0xfc98b6ec7f59ea13354bae6171a9120692fb8777,2.549,514872.3,1.58,66079,4115.5,66
0x11d79111d9529d76bf25474ba87d6365f18d35b5,2.525,374.75,2.22,159,983.04,4
0xa6a34f0bf2ccea9a1ddf9e9a973f17c498dc5e40,2.513,3167.43,1.35,2306,521.58,5
0x5a750001557da504e3ad0fa7244c0eb0e9b28258,2.476,16129.73,1.69,6617,2252.75,61
0xdf2fa90f6cc6f6ad71eab02907cd128a97d8c753,2.453,19114.43,1.34,14863,1204.22,11
0x1576e5438dc297d1923f142f1ef95b137bc8fe8a,2.452,232.67,1.92,119,767.1,3
0xabf763bc698f550fb2e5ee0d3b9dd7bffd2b7112,2.331,477.16,1.96,250,267.78,8
0xc95b1e32b15620eb341ceef2b7cb12873752d264,2.287,842.06,1.22,1689,364.28,1
0x881cd92459f09622680e711458b22c5335fba65b,2.27,31300.06,2.22,14335,403.82,4
0x4850d609d34389f5e3d8a61c41091f2f3de595c3,2.167,2687.24,1.76,295,225.34,3
0x9e1c00c2a7b98448cd2b2246870f848f00c9df77,2.152,111.57,1.62,286,642.02,9
0x0cd7fb4ff59c9e3534a40bc677f41154682fece7,2.067,23895.21,1.45,4341,1350.19,43
0x1065f66000e4813265473b8df475236250c84a7e,1.92,2299.0,1.55,1708,1708.54,12
0xd5e17c7015e3dbd4dd2eed3a462df6679a757b3a,1.875,12892.91,1.66,9526,805.68,19
0xaa763118f64adcf256ea617794d97b70f675c39f,1.785,34990.75,1.85,9837,510.47,27
0xac924effbb38554a02bbe247e0cc44b04139decb,1.77,469.5,1.37,568,3070.38,14
0xe3c6b106eadf2d4ae600843d27ada61b49af6e3e,1.744,562.92,1.2,1717,777.15,3
0x1c324b32b8a83c12199441ca909743ae2f3c9af4,1.727,546.02,1.39,1060,1267.68,28
0xd890331e75d076de2ae87225ea3f78d5bf4c2fc0,1.71,23558.69,1.1,15653,10935.71,39
0xb7d0e665a00ebc680caeba73b70fad758045798f,1.68,19970.19,1.33,3671,4387.34,35
0x01ffcc7285866e5cee14c8e807cb2e8d5f61079f,1.663,195165.6,1.69,8560,13430.02,150
0x18db1cab14f2886cee69c11ae0ad5b0b691c3a60,1.643,1761.3,2.02,1120,494.45,51
0x69e4c8ceb49042d74f473b3d5f6e2aee434977c7,1.549,3624.42,1.14,10582,1487.2,6
0xbabe6e689ab8f9cd645b22c0154ff5f4e26587b6,1.535,152.97,1.54,349,578.92,17
0x67013dd101d6c1afdfc0e26ff7f86903e74229f8,1.483,275.21,1.26,1091,740.07,14
0xf1ab1d15acb0f262ced6938b8af23fc3ffcbc35f,1.455,4445.83,1.27,5425,5709.2,27
0x49cba59fce90bfdb2ac76f84b6d5144a84bcb3a8,1.415,22305.84,1.12,25190,1416.8,1
0x91d26033579e07df92e43af5d7d24904724a8ae8,1.403,1869.31,1.58,1958,3163.86,30
0x19951dbda49ea27130a2bdcfa8b4eb788ebdcf5f,1.373,16353.08,1.38,12717,619.94,1
0x3bf52401e71019d35f3ecd7732541c1a4e6291a7,1.101,185.25,1.72,111,286.0,7
0x1a316588d98f36cf4076ded9c67a1ccb007907f3,1.099,271.77,1.84,299,2134.61,25
0xabf01ed4099f86c5837e02268fb31dea93e79604,1.066,2087.29,2.76,2858,1492.57,137
0xe86351e0f69bd808def36e7bb2f9107443838bb8,1.028,411306.42,1.49,43047,1766.95,60
0xc18c09572a71d080f356c5cad32f7479c1ae9339,1.023,13190.83,1.08,18045,2395.65,8
0x70f55932142a2765e508a8ec2342c7ca4f780bd3,0.983,219.13,1.48,585,2977.64,5
0x60611fb67c167ee7a223655e355b15aa4951e43f,0.925,3979.51,1.33,1919,886.61,18
0xdd4f66125defd0265f806a0ccfd0ee63e2bb4f02,0.905,8026.68,1.79,12568,990.52,51
0x0d975ea58d5a8c2cb28c868972772fdc3e94d961,0.801,853.79,2.01,174,1435.77,4
0x5a9c734d86b596b381d042f63fe5fc98c7149ee4,0.759,135.97,1.77,702,347.0,3
0x384142ceb6e83e12dcea8399dba6d5996b0d434e,0.716,24319.68,1.57,12072,682.75,53
0x46c9ccc6857e33a8209706bb5043700b4608dda8,0.712,655.21,1.25,1866,903.08,11
0xe34d21d1980082c6dd1c2d7be6315187dfe4a718,0.606,777.98,1.39,4730,472.61,21
0x5b3eb321fc22243446df32a7123804e42da31f61,0.58,21.5,1.49,336,441.59,1
0x478ed6c83003ec70137d0076da4b5c1c40507ba7,0.481,6000.7,1.38,1164,1801.24,29
0x2ff2944a3bbf6e79848facaeddb2d986773dfaed,0.455,48883.72,1.46,15578,2526.6,147
0xf78470bb2d7272a5759eae081fc50dc8444975ce,0.39,14368.64,2.32,5985,1908.95,139
0x76fe081d8ef339c381d3b1a87fe8161be6b77777,0.278,3521.18,1.26,7792,3588.76,45
0x18940d23058b73fabf0b2c02025f5cbb4e5b64d2,0.273,12559.18,1.14,4187,1191.57,29
0xb5c55f076c5800430b73a5fa13bd4422ed0acfe8,0.257,75.66,1.23,653,1620.96,1
0xb15617cc71ece317e24360fc3b5643c6f5f51733,0.257,7425.29,1.15,11730,8206.73,17
0x0fd6694f6b2f0bab5eb516634e142ecaaecd03f9,0.145,46.42,1.53,200,236.19,3
0xe594e20208cebd3e3219c456e0651d7da95b15fe,-0.024,619.61,1.58,959,1031.3,26
0x7e8d4857732aef8c650e8e9c6f82c4618b60b60a,-0.06,243.55,1.32,257,2099.95,7
0x7cd5610833dfbae5e0cadc4f1cfff052940a2c90,-0.073,1910.01,1.14,1661,966.47,2
0xc55fc6f9a085492e419e03fa5319ac41ecdee157,-0.157,5645.71,1.77,641,164.07,4
0x7053e4a132c0331b7126d19949f649e7ea8347d1,-0.209,2836.88,1.21,12367,3376.81,40
0x557dd46ee1071247c71672aad915921222f4c3ce,-0.229,1307.38,1.44,14225,663.27,5
0x5a4d0edbbeb6bea24fbb2c5170482e4db448c508,-0.349,76.12,1.18,524,766.94,1
0x681f5cb9a3979dc9a4911712ce11a1fc6dc5fb22,-0.368,3658.8,1.3,1696,2211.04,18
0x43ffa50382866b166e08fe320bdc433faaefe6e6,-0.466,166.02,1.66,238,168.56,29
0xbb475febf78b528f4f0d4ae1a12541406565199c,-0.731,85907.04,1.22,14266,420.77,1
0xdf812ede7068e13b461d4071a85c316c65c6dffe,-0.789,6304.0,1.23,19754,1193.85,9
0xacae31c9b5c3ba7003f8166b916ad65f5c5a0fb6,-0.896,3826.08,1.1,14119,7880.62,65
0xcc4ec458ab51654cb5b69d61f178668a06721867,-0.982,62.17,1.39,585,202.33,62
0x502ad831f083a876e2d4e8859f1eb8b24688e063,-0.993,485.51,1.17,865,637.34,2
0xbe3f79ae0ab3294aaa3230c1155e912c05b6a55b,-1.014,10934.05,1.11,2835,1391.48,28
0x08a49e7f7133577aa942f1c24119ff1c6797126d,-1.039,26489.72,1.07,26203,1120.32,23
0x4ef1c5ae65ab5b37629b7aa523e7e95e7da528e3,-1.056,49256.66,2.2,10057,166.35,2
0x6cfd06cdcc11b5442d63fc567f794616ae63fa48,-1.109,3964.96,1.22,5222,3424.0,39
0x621c5551678189b9a6c94d929924c225ff1d63ab,-1.132,158253.93,1.31,14680,398.24,37
0xaeb5ae46eca70345985b0b2d19322a2333b2dd9e,-1.134,252.7,1.17,1175,2375.59,24
0x50291ead6c926ec5c15499df2de1287823b6ee09,-1.146,1310.18,1.25,624,1064.05,22
0x67ab0e9e3bde49bab8feb9465b9dbc9ff4603ba6,-1.181,60167.96,1.39,20838,7428.38,177
0x0d07f49c74cef05fa159e7263abdd7e5c28f4b57,-1.228,5769.66,1.43,14247,511.08,2
0xdf89d8a34caa0673a403d9bfe239f7b199bb4a25,-1.228,538.83,1.63,649,1277.23,81
0x97b4fe90ad41a90c74c1822fe929c25c57d6ef12,-1.33,1508.13,1.18,7508,10677.97,54
0xee83afee1163e049573a3d0c3951842a53a07fe8,-1.362,3451.02,1.26,2107,469.83,10
0x05320f4b89421ad8cce06c3a32a91c1e7cb0a589,-1.448,116.61,1.1,1132,419.32,20
0x93e47caf07f50ace21ea2a1e0fd57dabb5803ed1,-1.46,61.24,1.12,368,1316.44,1
0x87c283c42231be3396af0b29d0b91be91f3f9071,-1.491,265.92,2.26,250,168.15,5
0xec674dc14082d0774cb2fa2aa7c796dc2d82d694,-1.491,52.83,1.8,74,2298.61,4
0xec13223dce5cc08dd055bbe25fd19a245ac1e23a,-1.569,14.78,1.31,184,166.94,3
0xc74e56f16ad7d93226cf8c70978dfdafadd63955,-1.64,6202.3,1.26,2248,3746.37,23
0x335f45392f8d87745aaae68f5c192849afd9b60e,-1.721,77640.42,1.19,14667,411.96,1
0x0a07eb223ff53b8597b18148ab3dd823f9364d6c,-1.82,25767.96,1.05,15218,678.41,3
0xc68a3f85f57764ab9beaf163e074475688ac3af7,-1.835,277.66,1.96,293,411.09,46
0x4ba80c235b537573696166bdc01d78176bc2beec,-1.84,8004.4,1.13,11529,3840.07,51
0x9330e0935f2ce400ff35610d0be7e4e09aef0470,-1.866,521.65,1.06,2829,4098.81,18
0xa3e3e7277d4eba425eb4e51bc2a2dd50f853ec9c,-2.139,899.97,1.17,717,1441.68,9
0x91df37b6f577176d379679f6fd1594d0b78eb056,-2.164,882.94,1.41,247,792.21,5
0xc607a4e51ef1569e232a98f7b0d11ffe13098ebf,-2.387,731.69,1.57,358,1199.22,27
0x130925288bbdc7a1cb1e63210480c29c5a5b4a8e,-2.431,6087.89,1.29,1286,642.61,4
0x49051a3a2833ae3ac45255750733c79fa83c3225,-2.47,1063.79,1.09,2066,2341.74,41
0x265eac78fb57495674227c93065d67abe6f97f70,-2.476,17480.82,1.43,12808,361.11,15
0x642f526f735d7ed4d47604218020f8220b6623e1,-2.527,1063.37,1.18,2823,1099.33,48
0xd72cfd2424e26ba32e46b7b2aff95eff34247a71,-2.672,7175.76,1.21,12937,399.95,1
0x075c707b6c1b95405cc5f00273ab1a2a946bb384,-2.712,71049.76,1.11,18007,12344.73,159
0xe626e476e94b6dfb6567755a995a5c8520711270,-2.715,487.97,2.08,1793,107.24,11
0xf8553962eb71bb01ffb04e7b5ebe9728d5ce454c,-2.743,25.58,1.39,134,212.99,22
0x721fe4d9f1ac1941c37952651adb62c72a0c5ab6,-2.786,3547.51,1.25,6440,628.01,63
0x7b620fb3e862af010cae9a41b1a5cc8082648e66,-2.862,171.1,1.29,275,1914.91,14
0x6187c73a3e7b47b9abbaddb7e5ca13fc4085cdae,-2.949,70.73,1.09,666,1257.5,7
0x4bcc092a156905788bf2a1a59e5968623957210d,-2.986,187198.53,1.15,38966,699.18,1
0x72f6f89f3b669fb3b150ae1338630e0761d3ad6f,-2.989,228.98,1.25,743,218.07,11
0x5fffee2555a15899ad656c1a80f1b35cd0b2c0c1,-3.081,93852.45,2.4,11732,162.48,15
0x29149b0de01636eca0535cc586095c632f0cb203,-3.104,567.4,1.31,3669,416.71,37
0x14b5f5f1a234bec35afd203fe0525b2280c550d6,-3.358,3655.66,1.2,3072,2629.11,54
0x8651a24497a2581ed992be452f9ef6939a0ed2d7,-3.389,33.5,1.05,5920,1475.03,3
0x1442ad477ded1b0028b57621aa7b6f7eadb8f568,-3.47,2797.02,1.07,16166,5677.37,97
0x9f3e77cb89df964003053aa5b438e5697c77f4f9,-3.497,20256.8,1.57,22494,1314.56,126
0xfb796d777830fb71bf61f68a9561f1047b45c165,-3.497,91.7,1.32,127,201.55,1
0xe92c7b0a3b49e8053f309d4d1575d3b859c8968c,-3.984,6197.34,1.09,7605,2479.75,73
0x01f315a0c260ad7761d028a322d9e96889035f62,-4.114,17.73,1.16,293,683.25,4
0x07fd993f0fa3a185f7207adccd29f7a87404689d,-4.182,109475.05,2.56,13818,198.65,58
0xd47935ce22e71b37f20d30617afa998a6c89887c,-4.415,1180.06,1.11,6663,5715.36,98
0x7c61aed79097029cbd6f617bbed2c65a8b42d95d,-4.515,5609.02,1.13,17923,8415.26,128
0xa9e2d5e858304ecde300420cc8aa06dce678496e,-4.647,220.02,1.34,929,4704.14,119
0x88f17731836942b533f33958a302fb4c31bad3d0,-4.686,1237.49,1.09,12153,636.34,1
0xc4cda69c9354eb77bce1d70c349b2de691be80b8,-4.711,466.97,1.05,13282,2895.06,90
0x45f250be7471aa9eb8c5f7580022aa4b97f6576d,-4.834,102.8,1.21,1629,400.03,63
0xae89ff81bb4e03937eb046291f0450a6bab37d35,-4.906,808.2,1.15,12510,325.49,1
0x465b8f2134dff7af8b0b9a8d5f6f04cd810198a5,-5.004,76.43,1.19,815,198.32,1
0xdf5c5b2990883c69bcb89332bbf96ba2969ccc17,-5.126,2268.7,1.28,1684,1585.29,24
0xb31a7c4a3cb3a4c245328432ebbe9fb6c3d2fddc,-5.155,32.17,1.23,238,177.38,30
0x52cc89b8771de74322775d9519897ed3a11cc552,-5.218,9858.94,1.14,24483,1148.51,15
0xe6c650f79e5668859e6ec53f64a8daa4acaeab81,-5.638,9505.65,2.82,12272,165.18,3
0xf93d43f4b399547eed48bf437867ae0a7a184b7a,-5.738,13932.67,1.13,6047,3543.51,124
0xdf33b2896618731c9ef0ec1b3f460c03dc123b3e,-5.849,1679.15,1.18,3659,2108.75,141
0xc388d6787a785767c46ba60aaf58c978acadeec4,-6.3,9.6,1.15,196,205.81,24
0xe9ebad05dbd2457ffc4e2a7402e155aa4839ef54,-6.375,129.81,1.26,432,624.83,41
0xb9ccf4df65a33233fbcfafca39fd6da4869e5e4d,-6.471,3710.72,1.21,4219,3636.84,94
0x3a140f8456b03f25ace243a211dca7b6c4bdb994,-6.97,8042.41,2.52,12778,168.86,3
0xb3d4fdaa7d9eab92fa0a1fe58035af403635cb8f,-7.061,1052.65,1.14,6503,213.35,33
0x3a3491655a3d26cad9b6acd5a9021e27e4bbef53,-7.428,1072.25,1.16,517,1864.4,25
0x34fb5ec7d4e939161946340ea2a1f29254b893de,-7.993,66663.2,1.14,15802,243.24,37
0x617dbf1a4a5e0917200c80461228a09e9df148cd,-8.104,100.7,1.18,1920,761.92,109
0x726510fb5b838dde01a72a0522855118a1ef1b49,-8.43,1258.29,1.16,4159,1115.27,132
0x7dd6f02fef939cea86f0243358255f6b57a6cf0d,-8.725,2812.96,1.22,11979,197.9,1
0x2f725e38693f5ffa259d7131747c063da2200c38,-8.748,14716.94,1.31,13992,12731.45,117
0x0b1ace05eb9ef1c3a1951b763700ecad24f27741,-10.11,923.67,1.07,11984,200.87,1
0x297e3a29d58e799cf57395df1293cc4834edd828,-10.142,6831.24,2.96,15910,172.98,11
0x9a3664a58b6a6579319c44bdd06a381ec8b47b6a,-10.461,42488.06,1.44,20603,448.39,187
0x129de4c0746d75346efacc5828fca849d4e964ec,-11.514,1502.8,1.09,6234,13166.98,128
0xff4cd3826ecee12acd4329aada4a2d3419fc463c,-11.522,959.24,1.23,11346,156.09,1
0x49ba9baa20d355ba042af2be9772d2b2cd892f44,-11.606,1891.77,1.16,11101,199.2,2
0xaca2d79168f9e9072c089e5f7d6eb0daefc13915,-11.822,1091.43,1.17,10930,145.72,1
0xf21cd17b9db49fdb21bfdf714558cf8bde3221bd,-13.455,25945.96,1.35,18881,313.64,153
0x2dde8c9b7fd681b0af29975e6e2e7ca2c934958c,-15.52,1391.74,1.19,13761,146.48,2
0x67cd5c1c4548c7ec1a20fadefca19ad42e6230da,-15.828,788.76,1.08,13571,149.82,1
0xb4d6fe0f1504a55c65a986ef55b9148a6f0dae7a,-16.428,2635.13,1.36,12543,123.02,1
0x350e33a777d510616fbdb483d1de3b50d1edfcfb,-16.491,270929.21,2.72,7878,54.84,11
0x6ecbb68c07bd4be7adb7f0365e9263e382aeca2d,-16.906,9637.44,1.2,17784,322.47,202
0x83027df4f3f749a1f9dd8bbc976eee49653c1d72,-19.435,671.21,1.05,13476,146.22,20
0xb6bfa5b79c1f06d5cf21d21e00f25d8da9fcfdb1,-20.375,289.29,1.11,13161,125.38,2
0x034d4f0b00827e4ac77d910071377f707ddd23d3,-21.355,25176.35,1.22,24379,288.63,156
0x7ca165f354e3260e2f8d5a7508cc9dd2fa009235,-21.808,32707.15,1.05,24153,253.46,2
0x984e16e759ac515784f90dd88443260e482c63c1,-22.726,11747.86,1.15,17940,239.03,168
0xf05359fe3426248c3eb48ca9474160dc4510b99d,-22.891,723.57,1.19,12026,92.46,1
0x7a9d45682babd8a2d79181623c75a7f615990b27,-23.397,2836.93,1.45,11774,128.46,179
0x4389a0e25fb85d51ea9a144e2c50ef3d8bea7254,-23.62,1257.39,1.21,11067,128.27,181
0xd2ccf2ebc5be12ef15235ed6dd70d3ec84859541,-24.303,6602.64,1.2,12673,140.24,171
0xfad17af4900f3d3afa663103f58b41607ee45d70,-24.782,2002.56,1.31,11782,132.89,183
0xe477c31a2f1b7a9a91fbec5406893b67064521f8,-26.676,1010.28,1.15,11199,119.99,181
0x6c48fc6a1fb77121c7ccc818fa333f9c435f66ad,-26.76,250.38,1.06,10825,80.23,2
0x1700acdd94010de35087b45b601d0e1b90c2697f,-27.858,45185.63,2.98,13080,63.67,3
0x6beffb9bec3364ae579fa7cb864effefa7bf2695,-27.872,12816.94,1.31,21150,130.34,12
0x4264b5a132e4f263d6de2e0d01512a99ea21ec6e,-28.337,588.12,1.09,11199,125.79,181
0xcde682fc64f38967b71cfd00803d4ba3d60e49d1,-28.671,1476.81,1.1,13688,87.44,1
0x03488d119ff425c17521e1fb0fafaf97c69902f3,-28.821,958.46,1.14,11234,129.9,180
0xf27ebb91ea420f73b59b205ac7e0b77a90ec8f3c,-29.49,4284.98,1.15,18254,126.55,43
0x48b5c751c2d63ac9134ce31f8d3e08b6836f6ee0,-32.609,2713.94,1.09,11910,72.4,44
0xa4a6e0fd7528a6f5c6ccbb3240ba8a2f825446cf,-33.146,12394.63,1.38,12888,70.86,11
0xa38f19c4ccbcfd64cff676d72c436f7e6239dccf,-36.64,13473.49,1.12,12578,65.31,40
0x67f7aa8fb95c47e6ea9c517b623e0701cbf9d9ba,-36.692,2736.4,1.25,13408,66.63,1
0xfbb64f9fb18aa6bcf9fe1a2097b3b79435008113,-38.695,2881.36,1.22,14256,67.8,1
0x847bd1ef4fede0fe191129894d63044843f4d473,-45.796,1146.65,1.08,15751,65.18,1
0x9d1eb5f9121e78faa5455d1b51cbf1a0c6e8340c,-52.516,6075.2,1.39,12182,43.15,1
0xc1914d36f97dc5557e4df26cbdab98e9c988ef37,-64.202,15093.35,1.87,14256,41.91,62
0x170a03a53fe05bf4ce6753cb0907d05e827bc3c6,-76.86,637.53,1.1,14089,35.46,2
0x15094c3ec74e8a43c082042815e0c135deebb152,-95.169,10784.17,1.7,14995,30.26,42
0x2025137a136bea7446deba681cbfc7cf1970840e,-102.754,23837.26,1.41,14735,27.75,30
0xadcbc1f36213b15399e0497508c50a1cda7bf08f,-105.422,5882.86,3.01,11763,20.57,9
0x223537ac9a856c31f4043e86ced86bb29f06653e,-108.807,817.27,1.79,13129,23.18,13
0xae7a0f9f663bb54bfe95378c7e3de7dd6e28d6bc,-115.822,67120.91,18.9,11252,12.75,20
0x348e5365acfa48a26ada7da840ca611e29c950ef,-124.851,15304.95,1.43,19871,30.86,31
0xb2b1d1a7a034d9209a627e754ebb8d24988ca23a,-157.264,440.57,1.06,12464,16.34,80
0x33ad48ed92e3e91a98278f0f7456eae6eafa516e,-158.795,2951.56,1.38,12700,16.0,76
0xa880d6cc607a05ea617307ab3b0d335e8d8424ee,-159.315,787.95,1.33,11908,14.7,14
0x1dd4af3383fce2ee4a40d9fb6766cbfcce2ddbce,-174.41,5965.07,1.53,17232,19.53,36
0x31dea2516beee92135b96f464eeec3cf292a13f2,-178.665,35047.59,2.97,12445,13.1,5
0x727956612a8700627451204a3ae26268bd1a1525,-182.112,654.86,1.38,13223,14.31,18
0x2a72b57dea119cc0bac14df798f9e9b8b148267c,-188.52,8504.27,1.15,14062,14.82,23
0xb4321b142b2a03ce20fcab2007ff6990b9acba93,-192.662,13556.82,1.33,16820,17.16,31
0xf36c562be0598b8ce109998b6aa2d53ffcd8316b,-212.28,8734.71,2.03,12807,11.95,73
